0.000000000000000000e+00,-0.000000000000000000e+00
2.083333333333333218e-02,-0.000000000000000000e+00
4.166666666666666435e-02,9.335764554084819561e-03
6.250000000000000000e-02,1.998431919018392455e-02
8.333333333333332871e-02,2.729152881242400200e-02
1.041666666666666574e-01,4.336846432485028796e-02
1.250000000000000000e-01,6.514206135629671546e-02
1.458333333333333148e-01,7.805851299639790519e-02
1.666666666666666574e-01,8.990066811953369152e-02
1.875000000000000000e-01,1.055914445857906031e-01
2.083333333333333148e-01,1.136513863894079851e-01
2.291666666666666574e-01,1.081048328848962931e-01
2.500000000000000000e-01,1.046874333476030816e-01
2.708333333333333148e-01,1.150811776795910707e-01
2.916666666666666297e-01,1.233893639882077259e-01
3.125000000000000000e-01,1.167395590373205977e-01
3.333333333333333148e-01,1.047036910706850010e-01
3.541666666666666297e-01,1.019641473120074388e-01
3.750000000000000000e-01,9.629520860289927930e-02
3.958333333333333148e-01,7.574214925930913833e-02
4.166666666666666297e-01,5.763408026075305529e-02
4.375000000000000000e-01,5.351046855876301356e-02
4.583333333333333148e-01,4.566196382793328429e-02
4.791666666666666297e-01,2.296883287518013822e-02
5.000000000000000000e-01,2.690264688253238192e-03
5.208333333333332593e-01,-4.037878758499899128e-03
5.416666666666666297e-01,-1.962547134544286986e-03
5.625000000000000000e-01,-6.018933155712690754e-03
5.833333333333332593e-01,-1.061423989697601357e-02
6.041666666666666297e-01,-7.202239257801836339e-03
6.250000000000000000e-01,-9.304837980747313053e-03
6.458333333333332593e-01,-1.132474515813667627e-02
6.666666666666666297e-01,-6.640800705194559519e-03
6.875000000000000000e-01,-8.795507760001632092e-03
7.083333333333332593e-01,-2.032982533692477556e-02
7.291666666666666297e-01,-2.604547501270478016e-02
7.500000000000000000e-01,-1.869771985726545460e-02
7.708333333333332593e-01,-1.507526872634002910e-02
7.916666666666666297e-01,-1.466277139050278615e-02
8.125000000000000000e-01,-4.484210914191926779e-03
8.333333333333332593e-01,2.138350988200658689e-03
8.541666666666666297e-01,-5.586751656968304454e-03
8.750000000000000000e-01,-1.109618259233316646e-02
8.958333333333332593e-01,-3.490223373193473283e-03
9.166666666666666297e-01,5.730604710951194220e-04
9.375000000000000000e-01,-9.749672191409828118e-03
9.583333333333332593e-01,-1.795840386931877447e-02
9.791666666666666297e-01,-1.306321135499275560e-02
1.000000000000000000e+00,-3.568967482899904672e-03
1.020833333333333259e+00,-3.028464851143098518e-03
1.041666666666666519e+00,-4.486182434242583640e-04
1.062500000000000000e+00,1.332295923891775938e-02
1.083333333333333259e+00,2.261937036729545769e-02
1.104166666666666519e+00,1.802611338906484270e-02
1.125000000000000000e+00,1.312838758127509407e-02
1.145833333333333259e+00,1.944417327073962379e-02
1.166666666666666519e+00,2.230814960847137332e-02
1.187500000000000000e+00,1.120781716642028740e-02
1.208333333333333259e+00,2.080088111242890236e-03
1.229166666666666519e+00,5.724037690148307822e-03
1.250000000000000000e+00,7.882055275524100721e-03
1.270833333333333259e+00,-1.600431854414489496e-03
1.291666666666666519e+00,-8.424822713622836384e-03
1.312500000000000000e+00,-2.425134593539516378e-03
1.333333333333333259e+00,3.793421684575191077e-04
1.354166666666666519e+00,-7.304380224677448595e-03
1.375000000000000000e+00,-1.073824288007876708e-02
1.395833333333333259e+00,-1.378807200766816272e-03
1.416666666666666519e+00,4.532523220576047986e-03
1.437500000000000000e+00,-3.647925348497858388e-03
1.458333333333333259e+00,-9.988694649753996485e-03
1.479166666666666519e+00,-3.606260588738991607e-03
1.500000000000000000e+00,2.070040758013353462e-03
1.520833333333333259e+00,-4.552107898168096002e-03
1.541666666666666519e+00,-9.146885424480026214e-03
1.562500000000000000e+00,-9.070819433707574993e-04
1.583333333333333259e+00,3.908153358601474184e-03
1.604166666666666519e+00,-2.309188219205897136e-03
1.625000000000000000e+00,-4.363037476135080313e-03
1.645833333333333259e+00,6.512092174231847407e-03
1.666666666666666519e+00,1.388422518193341282e-02
1.687500000000000000e+00,6.999585518343579005e-03
1.708333333333333259e+00,2.180317299666386949e-03
1.729166666666666519e+00,1.036789700267741303e-02
1.750000000000000000e+00,1.533855210967642949e-02
1.770833333333333259e+00,6.155146025111963952e-03
1.791666666666666519e+00,-9.543051854943458137e-04
1.812500000000000000e+00,4.892701834510216306e-03
1.833333333333333259e+00,1.116275930468012614e-02
1.854166666666666519e+00,5.846847119348821259e-03
1.875000000000000000e+00,2.570126811030399791e-03
1.895833333333333259e+00,1.214566717536666798e-02
1.916666666666666519e+00,1.824243181271415284e-02
1.937500000000000000e+00,1.022255813582812270e-02
1.958333333333333259e+00,4.297691167727756348e-03
1.979166666666666519e+00,1.130019109375873972e-02
2.000000000000000000e+00,1.498969068137589490e-02
2.020833333333333037e+00,4.518127002304111149e-03
2.041666666666666519e+00,-3.878540592735403060e-03
2.062500000000000000e+00,7.018437149997619343e-04
2.083333333333333037e+00,7.065838042949208926e-03
2.104166666666666519e+00,1.170758958715200151e-02
2.125000000000000000e+00,1.608563032252581515e-02
2.145833333333333037e+00,1.509630173185112778e-02
2.166666666666666519e+00,1.480364146469996707e-02
2.187500000000000000e+00,2.597795005547701847e-02
2.208333333333333037e+00,3.466968355314047068e-02
2.229166666666666519e+00,2.989379853691911948e-02
2.250000000000000000e+00,2.212421012046424801e-02
2.270833333333333037e+00,2.477385905311355052e-02
2.291666666666666519e+00,2.457329318960655221e-02
2.312500000000000000e+00,1.071009253798311210e-02
2.333333333333333037e+00,-3.248004039581324411e-04
2.354166666666666519e+00,2.856551425057454654e-03
2.375000000000000000e+00,3.418824689934616811e-03
2.395833333333333037e+00,-7.300960798764216664e-03
2.416666666666666519e+00,-1.372064881877266274e-02
2.437500000000000000e+00,-5.975233779748349155e-03
2.458333333333333037e+00,-9.955704572243309711e-04
2.479166666666666519e+00,-3.068921485818877377e-03
2.500000000000000000e+00,1.888319735640957503e-03
2.520833333333333037e+00,4.563668578180156421e-03
2.541666666666666519e+00,6.345557060152596379e-03
2.562500000000000000e+00,1.383985510169525972e-02
2.583333333333333037e+00,1.481722606424634714e-02
2.604166666666666519e+00,3.616460383054076032e-03
2.625000000000000000e+00,-4.116743171403560581e-03
2.645833333333333037e+00,2.075647763796836017e-03
2.666666666666666519e+00,5.615281916860715566e-03
2.687500000000000000e+00,5.013080780284131198e-03
2.708333333333333037e+00,1.286996935053055444e-02
2.729166666666666519e+00,1.821578313501375640e-02
2.750000000000000000e+00,1.167066781023683511e-02
2.770833333333333037e+00,9.021319327842090147e-03
2.791666666666666519e+00,1.977583242853285517e-02
2.812500000000000000e+00,2.802194480132554413e-02
2.833333333333333037e+00,2.342857149132199224e-02
2.854166666666666519e+00,1.952103372568532100e-02
2.875000000000000000e+00,2.003655407260305360e-02
2.895833333333333037e+00,1.856711255125101726e-02
2.916666666666666519e+00,1.385610340692234460e-02
2.937500000000000000e+00,1.049508738629730334e-02
2.958333333333333037e+00,1.753769616526966099e-02
2.979166666666666519e+00,2.240708348232275243e-02
3.000000000000000000e+00,1.445610180983971337e-02
3.020833333333333037e+00,1.026022620468261017e-02
3.041666666666666519e+00,1.688246525926082736e-02
3.062500000000000000e+00,1.893010923561594047e-02
3.083333333333333037e+00,8.331807153109936290e-03
3.104166666666666519e+00,1.544790082361560159e-03
3.125000000000000000e+00,8.460552639379226303e-03
3.145833333333333037e+00,1.267138186920651645e-02
3.166666666666666519e+00,4.116112147403036721e-03
3.187500000000000000e+00,-8.576880124541294212e-04
3.208333333333333037e+00,-1.300329691877346455e-03
3.229166666666666519e+00,-5.147300235648469974e-03
3.250000000000000000e+00,-7.477376957706088900e-03
3.270833333333333037e+00,-1.171199254889811713e-02
3.291666666666666519e+00,-9.929360269596964467e-03
3.312500000000000000e+00,-9.461091098118603118e-03
3.333333333333333037e+00,-2.124734946298390686e-02
3.354166666666666519e+00,-2.947077301597954974e-02
3.375000000000000000e+00,-2.322813851533030161e-02
3.395833333333333037e+00,-1.887598021178688371e-02
3.416666666666666519e+00,-1.827366372491181362e-02
3.437500000000000000e+00,-9.399815582466018726e-03
3.458333333333333037e+00,-3.054407062346145910e-03
3.479166666666666519e+00,-6.914621403492597108e-03
3.500000000000000000e+00,-5.630636992208538916e-03
3.520833333333333037e+00,2.247863738027974356e-03
3.541666666666666519e+00,2.968310434884761494e-03
3.562500000000000000e+00,3.577285741124045307e-03
3.583333333333333037e+00,9.174737090872948572e-03
3.604166666666666519e+00,1.201102299747170039e-02
3.625000000000000000e+00,1.029086500089735484e-02
3.645833333333333037e+00,1.229714098313080053e-02
3.666666666666666519e+00,2.219749341548668889e-02
3.687500000000000000e+00,2.750830870922526400e-02
3.708333333333333037e+00,2.002596094532650001e-02
3.729166666666666519e+00,1.577495494850868554e-02
3.750000000000000000e+00,2.607099529148326073e-02
3.770833333333333037e+00,3.438442797282466323e-02
3.791666666666666519e+00,2.931007535804942485e-02
3.812500000000000000e+00,2.353177411762170587e-02
3.833333333333333037e+00,2.400737966244780724e-02
3.854166666666666519e+00,2.220800261593877320e-02
3.875000000000000000e+00,1.381266266938374968e-02
3.895833333333333037e+00,1.133797633075680523e-02
3.916666666666666519e+00,1.938691373319528441e-02
3.937500000000000000e+00,2.287312804695810359e-02
3.958333333333333037e+00,1.365918487255839663e-02
3.979166666666666519e+00,7.401448990966407598e-03
4.000000000000000000e+00,1.327235809932518669e-02
4.020833333333333037e+00,1.507399034747620124e-02
4.041666666666666075e+00,2.429654746476714484e-03
4.062500000000000000e+00,-7.956405518789101683e-03
4.083333333333333037e+00,-5.380236477246007516e-03
4.104166666666666075e+00,-5.481987499826230549e-03
4.125000000000000000e+00,-1.669209572240619444e-02
4.145833333333333037e+00,-2.380457766940220071e-02
4.166666666666666075e+00,-1.781130156262362638e-02
4.187500000000000000e+00,-1.502873563400909489e-02
4.208333333333333037e+00,-1.487261200826726047e-02
4.229166666666666075e+00,-6.639449171007728336e-03
4.250000000000000000e+00,-2.890209128207575986e-03
4.270833333333333037e+00,-5.940267236369267852e-03
4.291666666666666075e+00,-2.231900830540204522e-03
4.312500000000000000e+00,-2.031251793119095549e-03
4.333333333333333037e+00,2.195707815103462512e-04
4.354166666666666075e+00,6.328708546132363888e-03
4.375000000000000000e+00,2.902527270741038761e-03
4.395833333333333037e+00,1.594836195806148289e-03
4.416666666666666075e+00,1.248061023540415065e-02
4.437500000000000000e+00,1.949304020873553894e-02
4.458333333333333037e+00,1.205918183626462394e-02
4.479166666666666075e+00,6.617711618198731868e-03
4.500000000000000000e+00,1.387600135611192186e-02
4.520833333333333037e+00,1.759348839486574168e-02
4.541666666666666075e+00,6.959781427989233417e-03
4.562500000000000000e+00,-1.531041346197333300e-03
4.583333333333333037e+00,2.869933240281778708e-03
4.604166666666666075e+00,3.959169919224204796e-03
4.625000000000000000e+00,4.991582946334219804e-03
4.645833333333333037e+00,1.071839122859319544e-02
4.666666666666666075e+00,8.591172045209016436e-03
4.687500000000000000e+00,8.853024652175640885e-03
4.708333333333333037e+00,1.459916207048316678e-02
4.729166666666666075e+00,1.222105134787939383e-02
4.750000000000000000e+00,1.226040595862958917e-02
4.770833333333333037e+00,1.628025340605636709e-02
4.791666666666666075e+00,1.104176849815821128e-02
4.812500000000000000e+00,8.659726648225986312e-03
4.833333333333333037e+00,1.514086520811155044e-02
4.854166666666666075e+00,1.619982758188659791e-02
4.875000000000000000e+00,7.017894950889567822e-03
4.895833333333333037e+00,2.901923064687415409e-03
4.916666666666666075e+00,1.274553138832544216e-02
4.937500000000000000e+00,2.045270198509443332e-02
4.958333333333333037e+00,1.536455329409408023e-02
4.979166666666666075e+00,1.298864659816666677e-02
5.000000000000000000e+00,1.541929222371907042e-02
5.020833333333333037e+00,9.026110648778814041e-03
5.041666666666666075e+00,4.684280471572691354e-03
5.062500000000000000e+00,9.719331759576888691e-03
5.083333333333333037e+00,8.704814685522492892e-03
5.104166666666666075e+00,-3.934788974501448548e-04
5.125000000000000000e+00,-3.340254948064246866e-03
5.145833333333333037e+00,6.724550874032121130e-03
5.166666666666666075e+00,1.328382876116056439e-02
5.187500000000000000e+00,5.423767104435977572e-03
5.208333333333333037e+00,-3.574156324901577204e-04
5.229166666666666075e+00,7.000873145748892461e-03
5.250000000000000000e+00,1.159000596203886221e-02
5.270833333333333037e+00,2.357805173775230460e-03
5.291666666666666075e+00,-4.017740979230801160e-03
5.312500000000000000e+00,2.922211617140132479e-03
5.333333333333333037e+00,7.123733201230667694e-03
5.354166666666666075e+00,-2.253104826381824213e-03
5.375000000000000000e+00,-8.938103297066336134e-03
5.395833333333333037e+00,-2.546508179134565533e-03
5.416666666666666075e+00,1.215722936125947402e-03
5.437500000000000000e+00,-8.518305040558482241e-03
5.458333333333333037e+00,-1.554485496142766522e-02
5.479166666666666075e+00,-9.525128572821270345e-03
5.500000000000000000e+00,-5.966583294790789999e-03
5.520833333333333037e+00,-1.570518728003307551e-02
5.541666666666666075e+00,-2.254447507818363797e-02
5.562500000000000000e+00,-1.616689322963611730e-02
5.583333333333333037e+00,-1.925815142014920215e-03
5.604166666666666075e+00,5.659740853534213703e-03
5.625000000000000000e+00,-2.120959559841653456e-04
5.645833333333333037e+00,-3.558857253406227765e-03
5.666666666666666075e+00,6.863430001485024134e-03
5.687500000000000000e+00,1.447223984341246272e-02
5.708333333333333037e+00,8.460051288126000171e-03
5.729166666666666075e+00,4.873958915021764371e-03
5.750000000000000000e+00,1.508040916639204199e-02
5.770833333333333037e+00,2.264140577080614794e-02
5.791666666666666075e+00,1.694397392507601685e-02
5.812500000000000000e+00,1.401774316147051495e-02
5.833333333333333037e+00,2.489455054513181956e-02
5.854166666666666075e+00,3.275272163389834901e-02
5.875000000000000000e+00,2.704483573774024013e-02
5.895833333333333037e+00,2.251461471723094354e-02
5.916666666666666075e+00,3.092896124797530830e-02
5.937500000000000000e+00,3.660882542117691041e-02
5.958333333333333037e+00,2.888335521795915364e-02
5.979166666666666075e+00,2.368077323352533320e-02
6.000000000000000000e+00,2.500904699980817034e-02
6.020833333333333037e+00,1.862130056390571414e-02
6.041666666666666075e+00,1.284621414011308596e-02
6.062500000000000000e+00,1.149162857166007023e-02
6.083333333333333037e+00,8.554797126212709824e-03
6.104166666666666075e+00,1.319774163125165623e-03
6.125000000000000000e+00,1.076825589402317484e-04
6.145833333333333037e+00,2.406677100993217990e-03
6.166666666666666075e+00,-5.109776282964235278e-03
6.187500000000000000e+00,-1.002600028236043037e-02
6.208333333333333037e+00,-1.827028525071093014e-03
6.229166666666666075e+00,3.139845667223894240e-03
6.250000000000000000e+00,-6.009132692306033176e-03
6.270833333333333037e+00,-1.308417314721890996e-02
6.291666666666666075e+00,-7.284989355336199228e-03
6.312500000000000000e+00,-4.799670404913480154e-03
6.333333333333333037e+00,-7.388017710696947668e-03
6.354166666666666075e+00,-1.865441363209600217e-03
6.375000000000000000e+00,4.605315258378326997e-03
6.395833333333333037e+00,1.951214715142081076e-04
6.416666666666666075e+00,-1.935720702361493333e-03
6.437500000000000000e+00,9.837694157965225228e-03
6.458333333333333037e+00,1.921932488870984820e-02
6.479166666666666075e+00,1.520712771047626893e-02
6.500000000000000000e+00,1.419130108917459471e-02
6.520833333333333037e+00,1.482893014630048446e-02
6.541666666666666075e+00,1.190519913852440201e-02
6.562500000000000000e+00,1.139741129880021166e-02
6.583333333333333037e+00,1.822241654794290802e-02
6.604166666666666075e+00,2.087117662054726805e-02
6.625000000000000000e+00,1.073066159599506825e-02
6.645833333333333037e+00,3.912962064542876116e-03
6.666666666666666075e+00,1.156666035999634468e-02
6.687500000000000000e+00,1.739607017680140297e-02
6.708333333333333037e+00,1.033045654360898596e-02
6.729166666666666075e+00,4.145513480012771694e-03
6.750000000000000000e+00,1.098872763811655807e-02
6.770833333333333037e+00,1.558118770367560718e-02
6.791666666666666075e+00,6.327857761080550245e-03
6.812500000000000000e+00,-4.435478530243285012e-04
6.833333333333333037e+00,6.995698509514785245e-03
6.854166666666666075e+00,1.177460285757685708e-02
6.875000000000000000e+00,3.137064866851024293e-03
6.895833333333333037e+00,-2.892582750243670887e-03
6.916666666666666075e+00,4.810743754841381378e-03
6.937500000000000000e+00,9.432634066948775153e-03
6.958333333333333037e+00,5.449599172018448814e-04
6.979166666666666075e+00,-5.530456080820826160e-03
7.000000000000000000e+00,2.120548488563985586e-03
7.020833333333333037e+00,6.822110614057900167e-03
7.041666666666666075e+00,-2.435896695809960759e-03
7.062500000000000000e+00,-9.167123923921447273e-03
7.083333333333333037e+00,-2.590396246415002136e-03
7.104166666666666075e+00,6.475709054384367735e-04
7.125000000000000000e+00,-2.370737473118491364e-03
7.145833333333333037e+00,2.051191162192834202e-03
7.166666666666666075e+00,2.999822886710932189e-03
7.187500000000000000e+00,1.283421257352194218e-04
7.208333333333333037e+00,5.222497551621447728e-03
7.229166666666666075e+00,8.355839588761765357e-03
7.250000000000000000e+00,-1.074041544311595551e-03
7.270833333333333037e+00,-8.228247248374237141e-03
7.291666666666666075e+00,-2.620268833964020921e-03
7.312500000000000000e+00,-5.694299512105809903e-04
7.333333333333333037e+00,-7.093282919577823410e-04
7.354166666666666075e+00,5.564476175182726456e-03
7.375000000000000000e+00,8.125517125438333835e-03
7.395833333333333037e+00,3.282239109734981248e-03
7.416666666666666075e+00,4.069175472455650519e-03
7.437500000000000000e+00,1.512376451114585268e-02
7.458333333333333037e+00,2.115492876281115445e-02
7.479166666666666075e+00,1.269269944739412695e-02
7.500000000000000000e+00,6.372031204366018255e-03
7.520833333333333037e+00,1.321091309591756156e-02
7.541666666666666075e+00,1.633217825937822651e-02
7.562500000000000000e+00,5.139784009186658051e-03
7.583333333333333037e+00,-3.801945522174106622e-03
7.604166666666666075e+00,2.894231662626795378e-04
7.625000000000000000e+00,8.454912968835347209e-03
7.645833333333333037e+00,7.369384010336597554e-03
7.666666666666666075e+00,8.345804647196161316e-03
7.687500000000000000e+00,1.489727915828551255e-02
7.708333333333333037e+00,1.312293876406495433e-02
7.729166666666666075e+00,1.242603608674505873e-02
7.750000000000000000e+00,1.426445063310166281e-02
7.770833333333333037e+00,1.330863933517298370e-02
7.791666666666666075e+00,1.084425287685470037e-02
7.812500000000000000e+00,1.597427539271369448e-02
7.833333333333333037e+00,1.762475605776080839e-02
7.854166666666666075e+00,4.926223464647475417e-03
7.875000000000000000e+00,-5.700042989987801588e-03
7.895833333333333037e+00,-3.271717476068265046e-03
7.916666666666666075e+00,6.349736100521904958e-03
7.937500000000000000e+00,8.723269701615339253e-03
7.958333333333333037e+00,5.517502716091179059e-03
7.979166666666666075e+00,9.958126237930282551e-03
8.000000000000000000e+00,1.147952997878219292e-02
8.020833333333332149e+00,3.783302465191389422e-03
8.041666666666666075e+00,1.209516613113169282e-03
8.062500000000000000e+00,1.145557145809488961e-02
8.083333333333332149e+00,1.828229046030024549e-02
8.104166666666666075e+00,1.098176914632410447e-02
8.125000000000000000e+00,5.499824776341034373e-03
8.145833333333332149e+00,1.275025252301856954e-02
8.166666666666666075e+00,1.657776280736108013e-02
8.187500000000000000e+00,6.315985951256188925e-03
8.208333333333332149e+00,-1.924616223239701985e-03
8.229166666666666075e+00,2.670502812669898335e-03
8.250000000000000000e+00,4.703193263878730108e-03
8.270833333333332149e+00,-6.820088564897751164e-03
8.291666666666666075e+00,-1.537989510281378112e-02
8.312500000000000000e+00,-1.064198184986795553e-02
8.333333333333332149e+00,1.450005555355486295e-03
8.354166666666666075e+00,6.552967289837970284e-03
8.375000000000000000e+00,-1.745464707236020138e-03
8.395833333333332149e+00,-7.533930827440252914e-03
8.416666666666666075e+00,4.175735512807673684e-04
8.437500000000000000e+00,5.492446601358208676e-03
8.458333333333332149e+00,-2.963236313233773723e-03
8.479166666666666075e+00,-8.909777305245321008e-03
8.500000000000000000e+00,-1.069778511906103839e-03
8.520833333333332149e+00,7.619899150640187246e-03
8.541666666666666075e+00,5.238753875191385148e-03
8.562500000000000000e+00,4.081107639675216926e-03
8.583333333333332149e+00,1.593472438964678786e-02
8.604166666666666075e+00,2.511301578653555092e-02
8.625000000000000000e+00,2.072071031785061024e-02
8.645833333333332149e+00,1.860269459120007449e-02
8.666666666666666075e+00,3.031101460986780280e-02
8.687500000000000000e+00,3.940942845672393974e-02
8.708333333333332149e+00,3.491413265990941928e-02
8.729166666666666075e+00,2.620779507941017536e-02
8.750000000000000000e+00,2.564015765311783782e-02
8.770833333333332149e+00,2.349472507447211353e-02
8.791666666666666075e+00,9.010030691577779888e-03
8.812500000000000000e+00,-3.018804054992222513e-03
8.833333333333332149e+00,-1.276712277540380377e-03
8.854166666666666075e+00,3.933825133485650653e-03
8.875000000000000000e+00,-1.109697000491369055e-04
8.895833333333332149e+00,-1.599505102118352817e-03
8.916666666666666075e+00,4.165531341215338197e-03
8.937500000000000000e+00,2.695586321431398241e-03
8.958333333333332149e+00,-2.685533307294297577e-03
8.979166666666666075e+00,8.560462589454572628e-04
9.000000000000000000e+00,1.904459366704864664e-03
9.020833333333332149e+00,2.270722219427587403e-03
9.041666666666666075e+00,6.351015834816899422e-03
9.062500000000000000e+00,2.384452970750630067e-03
9.083333333333332149e+00,1.383295384742540442e-03
9.104166666666666075e+00,4.797096061164307819e-03
9.125000000000000000e+00,2.261319869612176889e-03
9.145833333333332149e+00,-3.000713245417340434e-04
9.166666666666666075e+00,8.078622319192343276e-03
9.187500000000000000e+00,1.370647717946547536e-02
9.208333333333332149e+00,5.766061272645820260e-03
9.229166666666666075e+00,1.761116528802730190e-04
9.250000000000000000e+00,8.398629048422324647e-03
9.270833333333332149e+00,1.392977297660472243e-02
9.291666666666666075e+00,5.883758834866953565e-03
9.312500000000000000e+00,1.274033587761836479e-04
9.333333333333332149e+00,8.193210795240978353e-03
9.354166666666666075e+00,1.374785403362973647e-02
9.375000000000000000e+00,6.079905436641873731e-03
9.395833333333332149e+00,8.362223527932519324e-04
9.416666666666666075e+00,8.848342731440804118e-03
9.437500000000000000e+00,1.376761033632640380e-02
9.458333333333332149e+00,4.596620721194036828e-03
9.479166666666666075e+00,-2.323942021026073525e-03
9.500000000000000000e+00,3.610864405228138025e-03
9.520833333333332149e+00,6.391534931522916893e-03
9.541666666666666075e+00,-4.979057651533507975e-03
9.562500000000000000e+00,-1.384446476654177527e-02
9.583333333333332149e+00,-9.536205282346187084e-03
9.604166666666666075e+00,3.674318399913881292e-03
9.625000000000000000e+00,1.134374287518332726e-02
9.645833333333332149e+00,5.340962864444262145e-03
9.666666666666666075e+00,1.733328162700747315e-03
9.687500000000000000e+00,1.217909491712016422e-02
9.708333333333332149e+00,2.077302258556796774e-02
9.729166666666666075e+00,1.577659452370975060e-02
9.750000000000000000e+00,1.340193993798331415e-02
9.770833333333332149e+00,2.476736924115957236e-02
9.791666666666666075e+00,3.388470944076567293e-02
9.812500000000000000e+00,2.907262308393009434e-02
9.833333333333332149e+00,2.494764329006415871e-02
9.854166666666666075e+00,3.303781505353761000e-02
9.875000000000000000e+00,3.858764259561828225e-02
9.895833333333332149e+00,3.042613588697930596e-02
9.916666666666666075e+00,2.524664648173581896e-02
9.937500000000000000e+00,2.096918538677916555e-02
9.958333333333332149e+00,1.457393914303570064e-02
9.979166666666666075e+00,8.860146439708047050e-03
1.000000000000000000e+01,1.090870413766621173e-02
1.002083333333333215e+01,9.581043032032164272e-03
1.004166666666666607e+01,-1.463688408340063684e-03
1.006250000000000000e+01,-7.528368008501710312e-03
1.008333333333333215e+01,1.925382484330614681e-04
1.010416666666666607e+01,5.101379486901218632e-03
1.012500000000000000e+01,-3.531128918531794593e-03
1.014583333333333215e+01,-9.712321652108436149e-03
1.016666666666666607e+01,-2.119194963974126676e-03
1.018750000000000000e+01,2.807100675512658270e-03
1.020833333333333215e+01,-5.788111890731993670e-03
1.022916666666666607e+01,-1.199069220269003387e-02
1.025000000000000000e+01,-4.414865728830963051e-03
1.027083333333333215e+01,4.125649349948437312e-04
1.029166666666666607e+01,-8.317089684782777090e-03
1.031250000000000000e+01,-1.476736233774353542e-02
1.033333333333333215e+01,-7.402760122648698038e-03
1.035416666666666607e+01,-2.593882245140183371e-03
1.037500000000000000e+01,-9.763826763624482846e-03
1.039583333333333215e+01,-1.368084102163949142e-02
1.041666666666666607e+01,-3.689315763440093130e-03
1.043750000000000000e+01,3.880418826968337186e-03
1.045833333333333215e+01,-2.153116367566940484e-03
1.047916666666666607e+01,-6.131647796441997908e-03
1.050000000000000000e+01,3.755257615768947677e-03
1.052083333333333215e+01,1.124521837470415266e-02
1.054166666666666607e+01,5.130465005097299171e-03
1.056250000000000000e+01,1.301056824702302630e-03
1.058333333333333215e+01,1.148433758059161890e-02
1.060416666666666607e+01,1.911757676464564612e-02
1.062500000000000000e+01,1.296008264697762549e-02
1.064583333333333215e+01,8.990337248990060495e-03
1.066666666666666607e+01,1.880379232873782488e-02
1.068750000000000000e+01,2.603122215775907633e-02
1.070833333333333215e+01,1.981034593195923205e-02
1.072916666666666607e+01,1.605048943175178475e-02
1.075000000000000000e+01,2.611980866905552409e-02
1.077083333333333215e+01,3.339862062826193939e-02
1.079166666666666607e+01,2.715599449867397985e-02
1.081250000000000000e+01,1.983276367083808972e-02
1.083333333333333215e+01,2.388425595119017183e-02
1.085416666666666607e+01,2.503816035216777786e-02
1.087500000000000000e+01,1.269852955706467397e-02
1.089583333333333215e+01,2.949171890068820294e-03
1.091666666666666607e+01,6.929511368526241818e-03
1.093750000000000000e+01,8.106253070139029029e-03
1.095833333333333215e+01,-3.575300714337904806e-03
1.097916666666666607e+01,-2.701576889799844547e-02
1.100000000000000000e+01,-6.300207365716468944e-02
1.102083333333333215e+01,-9.966648159397667461e-02
1.104166666666666607e+01,-1.285554550167889998e-01
1.106250000000000000e+01,-1.610082420369794709e-01
1.108333333333333215e+01,-2.063009333284976099e-01
1.110416666666666607e+01,-2.507558718415266452e-01
1.112500000000000000e+01,-2.822495291996892086e-01
1.114583333333333215e+01,-2.975817148723934880e-01
1.116666666666666607e+01,-3.004870323714236013e-01
1.118750000000000000e+01,-2.925583145693857468e-01
1.120833333333333215e+01,-2.734262399253119535e-01
1.122916666666666607e+01,-2.564897539011183891e-01
1.125000000000000000e+01,-2.477490441145859257e-01
1.127083333333333215e+01,-2.364466131374455826e-01
1.129166666666666607e+01,-2.120553271124767103e-01
1.131250000000000000e+01,-1.768500857377203472e-01
1.133333333333333215e+01,-1.477312236562468017e-01
1.135416666666666607e+01,-1.342069245050852844e-01
1.137500000000000000e+01,-1.172005652422905136e-01
1.139583333333333215e+01,-8.375634532015259481e-02
1.141666666666666607e+01,-5.276767826798618721e-02
1.143750000000000000e+01,-3.634257271175027337e-02
1.145833333333333215e+01,-1.610409699375688758e-02
1.147916666666666607e+01,1.552705842392135618e-02
1.150000000000000000e+01,4.233622705686020810e-02
1.152083333333333215e+01,5.580631154114123332e-02
1.154166666666666607e+01,6.501106487649609134e-02
1.156250000000000000e+01,8.217616466839161582e-02
1.158333333333333215e+01,9.657960221625022657e-02
1.160416666666666607e+01,9.889902160017775834e-02
1.162500000000000000e+01,1.009841573433337275e-01
1.164583333333333215e+01,1.064517909722036276e-01
1.166666666666666607e+01,1.055498363051633748e-01
1.168750000000000000e+01,9.846415060151386678e-02
1.170833333333333215e+01,9.778601500079847630e-02
1.172916666666666607e+01,9.324470366115092390e-02
1.175000000000000000e+01,7.949146275403733142e-02
1.177083333333333215e+01,7.319926088737932490e-02
1.179166666666666607e+01,7.040477161486048685e-02
1.181250000000000000e+01,5.700705331067768694e-02
1.183333333333333215e+01,4.735223437289629717e-02
1.185416666666666607e+01,4.816224416195886288e-02
1.187500000000000000e+01,4.330029418831651128e-02
1.189583333333333215e+01,2.394124271535249399e-02
1.191666666666666607e+01,7.927953106666427163e-03
1.193750000000000000e+01,6.177735840764283018e-03
1.195833333333333215e+01,1.718848316763765859e-03
1.197916666666666607e+01,-1.596947570762310281e-02
1.200000000000000000e+01,-3.005704894649086426e-02
1.202083333333333215e+01,-3.056802117580028136e-02
1.204166666666666607e+01,-3.072758840088777796e-02
1.206250000000000000e+01,-3.963654447268737807e-02
1.208333333333333215e+01,-4.378627763493335434e-02
1.210416666666666607e+01,-3.488709359975494806e-02
1.212500000000000000e+01,-2.850191767505794171e-02
1.214583333333333215e+01,-3.532170189257211740e-02
1.216666666666666607e+01,-3.940359979476168450e-02
1.218750000000000000e+01,-3.074143338955886984e-02
1.220833333333333215e+01,-2.455366523945829924e-02
1.222916666666666607e+01,-3.141212320701960992e-02
1.225000000000000000e+01,-3.557756310596299487e-02
1.227083333333333215e+01,-2.709094338368935040e-02
1.229166666666666607e+01,-2.107004708191173928e-02
1.231250000000000000e+01,-2.507398551743262108e-02
1.233333333333333215e+01,-2.434508146121400554e-02
1.235416666666666607e+01,-1.071758490528125322e-02
1.237500000000000000e+01,4.792941277393516033e-04
1.239583333333333215e+01,-1.610404015891930959e-03
1.241666666666666607e+01,-9.458598072241752646e-04
1.243750000000000000e+01,1.144139849442021677e-02
1.245833333333333215e+01,2.034514760586641005e-02
1.247916666666666607e+01,1.555410294377513290e-02
1.250000000000000000e+01,1.306551439520711039e-02
1.252083333333333215e+01,2.338518440352889416e-02
1.254166666666666607e+01,3.012321391489801437e-02
1.256250000000000000e+01,2.273250071759616922e-02
1.258333333333333215e+01,1.747744865059927891e-02
1.260416666666666607e+01,2.526525315446762412e-02
1.262500000000000000e+01,2.947852663961404371e-02
1.264583333333333215e+01,1.919404348223810799e-02
1.266666666666666607e+01,1.085863182388068122e-02
1.268750000000000000e+01,1.557692521806891550e-02
1.270833333333333215e+01,1.671222621729700000e-02
1.272916666666666607e+01,3.554538986216940460e-03
1.275000000000000000e+01,-7.392098365078791575e-03
1.277083333333333215e+01,-5.184012738468652542e-03
1.279166666666666607e+01,-6.581582589597049018e-03
1.281250000000000000e+01,-1.538238938796118033e-02
1.283333333333333215e+01,-1.737776690901857504e-02
1.285416666666666607e+01,-9.337115312740142808e-03
1.287500000000000000e+01,-6.953552696697667436e-03
1.289583333333333215e+01,-1.910953540452879976e-02
1.291666666666666607e+01,-2.927109913196997842e-02
1.293750000000000000e+01,-2.634858976328968705e-02
1.295833333333333215e+01,-1.840114078824053867e-02
1.297916666666666607e+01,-1.927220410397095796e-02
1.300000000000000000e+01,-1.820768124252243950e-02
1.302083333333333215e+01,-6.840604705066971082e-03
1.304166666666666607e+01,-7.900724894099627046e-04
1.306250000000000000e+01,-9.085570472313189705e-03
1.308333333333333215e+01,-1.546940437340753316e-02
1.310416666666666607e+01,-9.026577841436506447e-03
1.312500000000000000e+01,-5.317713386801711274e-03
1.314583333333333215e+01,-8.161292621207369077e-03
1.316666666666666607e+01,-4.284326444996704175e-03
1.318750000000000000e+01,3.974652384576731097e-03
1.320833333333333215e+01,3.239805507022947180e-03
1.322916666666666607e+01,5.476344092462785869e-03
1.325000000000000000e+01,1.352560982264545443e-02
1.327083333333333215e+01,1.366870155539677209e-02
1.329166666666666607e+01,1.025738966987713510e-02
1.331250000000000000e+01,1.684591375801608101e-02
1.333333333333333215e+01,2.051190326391251831e-02
1.335416666666666607e+01,1.040319580682103583e-02
1.337500000000000000e+01,2.983278547972124072e-03
1.339583333333333215e+01,9.671833821656029145e-03
1.341666666666666607e+01,1.372874580797811203e-02
1.343750000000000000e+01,4.183151011168693111e-03
1.345833333333333215e+01,-2.478039987091298479e-03
1.347916666666666607e+01,5.023414974978989388e-03
1.350000000000000000e+01,9.857621105103230377e-03
1.352083333333333215e+01,1.261388817984708186e-03
1.354166666666666607e+01,-4.707878589502227824e-03
1.356250000000000000e+01,3.153493618005536337e-03
1.358333333333333215e+01,8.155659199930989298e-03
1.360416666666666607e+01,-2.462065773554771822e-04
1.362500000000000000e+01,-6.654180170487908504e-03
1.364583333333333215e+01,-2.613387826097770920e-03
1.366666666666666607e+01,-3.295255364204555809e-03
1.368750000000000000e+01,-1.733652164193711168e-02
1.370833333333333215e+01,-2.873172753533577081e-02
1.372916666666666607e+01,-2.623275537937392460e-02
1.375000000000000000e+01,-2.378562305293708753e-02
1.377083333333333215e+01,-2.977135326737630205e-02
1.379166666666666607e+01,-3.076309281006074994e-02
1.381250000000000000e+01,-1.776525711137856220e-02
1.383333333333333215e+01,-7.603417466691589355e-03
1.385416666666666607e+01,-1.096212233196895876e-02
1.387500000000000000e+01,-1.168611658300581189e-02
1.389583333333333215e+01,1.289338129687943280e-04
1.391666666666666607e+01,8.289849369733388179e-03
1.393750000000000000e+01,2.991146694404421633e-03
1.395833333333333215e+01,2.893374240344720027e-04
1.397916666666666607e+01,1.133685577022883716e-02
1.400000000000000000e+01,1.955114146694586844e-02
1.402083333333333215e+01,1.451246664209878724e-02
1.404166666666666607e+01,1.203831124614153023e-02
1.406250000000000000e+01,1.816177488127493356e-02
1.408333333333333215e+01,1.838778861631135478e-02
1.410416666666666607e+01,5.553027436788658504e-03
1.412500000000000000e+01,-4.811286559550383146e-03
1.414583333333333215e+01,-1.622122266701069146e-03
1.416666666666666607e+01,-1.268010313394855827e-03
1.418750000000000000e+01,-1.435148428359856593e-02
1.420833333333333215e+01,-2.476930560718022117e-02
1.422916666666666607e+01,-2.178092414319926506e-02
1.425000000000000000e+01,-2.217535243628159305e-02
1.427083333333333215e+01,-2.845204957300600038e-02
1.429166666666666607e+01,-2.691732757058502151e-02
1.431250000000000000e+01,-1.909137591952097396e-02
1.433333333333333215e+01,-1.898471386661508553e-02
1.435416666666666607e+01,-1.944790208811733936e-02
1.437500000000000000e+01,-8.566986614898406890e-03
1.439583333333333215e+01,-9.195873183919548940e-05
1.441666666666666607e+01,-4.834202882697065731e-03
1.443750000000000000e+01,-6.310130676232632123e-03
1.445833333333333215e+01,6.643001947680747185e-03
1.447916666666666607e+01,1.741122353057111480e-02
1.450000000000000000e+01,1.525977905026322003e-02
1.452083333333333215e+01,6.779781181335741097e-05
1.454166666666666607e+01,-1.182645098897457635e-02
1.456250000000000000e+01,-1.035038994820536469e-02
1.458333333333333215e+01,-1.031800878691454745e-02
1.460416666666666607e+01,-1.728883551554464409e-02
1.462500000000000000e+01,-1.739069024057773166e-02
1.464583333333333215e+01,-8.430629024474032424e-03
1.466666666666666607e+01,-5.086143474038513738e-03
1.468750000000000000e+01,-1.398862930679537799e-02
1.470833333333333215e+01,-1.930589050513892291e-02
1.472916666666666607e+01,-1.130573874999557006e-02
1.475000000000000000e+01,-6.406167344571587347e-03
1.477083333333333215e+01,-1.137462599399619717e-02
1.479166666666666607e+01,-1.152848477925908811e-02
1.481250000000000000e+01,1.392770898796557568e-03
1.483333333333333215e+01,1.112215199019039001e-02
1.485416666666666607e+01,6.882271353959658160e-03
1.487500000000000000e+01,1.902735411125787727e-03
1.489583333333333215e+01,7.901657564050090787e-03
1.491666666666666607e+01,1.033788483156993301e-02
1.493750000000000000e+01,-1.644031631781870968e-03
1.495833333333333215e+01,-1.164250747211473258e-02
1.497916666666666607e+01,-8.505828074881311221e-03
1.500000000000000000e+01,-2.771386636351952718e-03
1.502083333333333215e+01,-7.570280844594768667e-03
1.504166666666666607e+01,-9.895355421141577984e-03
1.506250000000000000e+01,1.131967588271520688e-03
1.508333333333333215e+01,9.262520162667889356e-03
1.510416666666666607e+01,3.554326994313459272e-03
1.512500000000000000e+01,-2.086267450620489267e-04
1.514583333333333215e+01,5.214506920383174884e-03
1.516666666666666607e+01,5.631274007193700845e-03
1.518750000000000000e+01,-5.942548454063338766e-03
1.520833333333333215e+01,-1.359714517705517406e-02
1.522916666666666607e+01,-7.789808324308629059e-03
1.525000000000000000e+01,-4.631707657918150180e-03
1.527083333333333215e+01,-1.175904301535706832e-02
1.529166666666666607e+01,-1.354976472085262472e-02
1.531250000000000000e+01,-1.765394011358456484e-03
1.533333333333333215e+01,7.366208671752769686e-03
1.535416666666666607e+01,2.694667014520811619e-03
1.537500000000000000e+01,-2.863756677593168494e-03
1.539583333333333215e+01,2.598232924103064268e-03
1.541666666666666607e+01,5.381274336768582765e-03
1.543750000000000000e+01,-5.381219742993952407e-03
1.545833333333333215e+01,-1.281989197255197985e-02
1.547916666666666607e+01,-6.562094065869828775e-03
1.550000000000000000e+01,-3.003591623219874912e-03
1.552083333333333215e+01,-1.113899621443341717e-02
1.554166666666666607e+01,-1.497267581077238625e-02
1.556250000000000000e+01,-5.447232669661068553e-03
1.558333333333333215e+01,1.662891270532068427e-03
1.560416666666666607e+01,-4.710902646440143053e-03
1.562500000000000000e+01,-8.237024455788489324e-03
1.564583333333333215e+01,1.395130513552111711e-03
1.566666666666666607e+01,8.305694435179792126e-03
1.568750000000000000e+01,1.411780015708158148e-03
1.570833333333333215e+01,-3.095666757949222872e-03
1.572916666666666607e+01,5.546053539402787634e-03
1.575000000000000000e+01,1.092079041208092287e-02
1.577083333333333215e+01,2.125992263964023975e-03
1.579166666666666607e+01,-4.882475787777309367e-03
1.581250000000000000e+01,8.566227325879565780e-04
1.583333333333333215e+01,3.119575388106395411e-03
1.585416666666666607e+01,-8.924977296630937432e-03
1.587500000000000000e+01,-1.901394401685082072e-02
1.589583333333333215e+01,-1.606343414539141562e-02
1.591666666666666607e+01,-1.236520764052846319e-02
1.593750000000000000e+01,-1.787329408847488851e-02
1.595833333333333215e+01,-1.927244476048840804e-02
1.597916666666666607e+01,-7.403787208521473741e-03
1.600000000000000000e+01,1.074404216733944317e-03
1.602083333333333215e+01,-4.280049585435776426e-03
1.604166666666666430e+01,-7.327739049479240797e-03
1.606250000000000000e+01,4.679790440317559293e-04
1.608333333333333215e+01,3.290661381415687942e-03
1.610416666666666430e+01,-7.981305940308778060e-03
1.612500000000000000e+01,-1.702359972126671339e-02
1.614583333333333215e+01,-1.309049945562015642e-02
1.616666666666666430e+01,-5.794854767651286612e-03
1.618750000000000000e+01,-8.023162411536929883e-03
1.620833333333333215e+01,-1.434642992372138666e-02
1.622916666666666430e+01,-1.201682524006606433e-02
1.625000000000000000e+01,-8.855569329675759549e-03
1.627083333333333215e+01,-1.355002214514770820e-02
1.629166666666666430e+01,-1.388555749313686617e-02
1.631250000000000000e+01,-1.243917877148302108e-03
1.633333333333333215e+01,7.864888909295143088e-03
1.635416666666666430e+01,2.587763327826415622e-03
1.637500000000000000e+01,-2.485975583751124773e-03
1.639583333333333215e+01,4.111910805356395159e-03
1.641666666666666430e+01,7.141078572131490110e-03
1.643750000000000000e+01,-4.241992477934161850e-03
1.645833333333333215e+01,-1.365916010457594171e-02
1.647916666666666430e+01,-9.948380523473210682e-03
1.650000000000000000e+01,-2.784539386723975697e-03
1.652083333333333215e+01,-5.346245154251669067e-03
1.654166666666666430e+01,-5.761370006316983428e-03
1.656250000000000000e+01,-1.822260026977370667e-03
1.658333333333333215e+01,-6.679189818143364127e-03
1.660416666666666430e+01,-8.557364374422879449e-03
1.662500000000000000e+01,3.623404684167946897e-03
1.664583333333333215e+01,1.377727807805526582e-02
1.666666666666666430e+01,1.103694101051608083e-02
1.668750000000000000e+01,1.122354045601322604e-02
1.670833333333333215e+01,1.880013645471167658e-02
1.672916666666666430e+01,1.993676337876713542e-02
1.675000000000000000e+01,7.839991997568239099e-03
1.677083333333333215e+01,-1.067986563114488568e-03
1.679166666666666430e+01,3.515548943712032415e-03
1.681250000000000000e+01,5.489139092665787888e-03
1.683333333333333215e+01,-6.297149428439870536e-03
1.685416666666666430e+01,-1.502723738177008314e-02
1.687500000000000000e+01,-1.021154601891535035e-02
1.689583333333333215e+01,-7.930219741432344843e-03
1.691666666666666430e+01,-1.916478113645905812e-02
1.693750000000000000e+01,-2.771001978199680998e-02
1.695833333333333215e+01,-2.311193190844015172e-02
1.697916666666666430e+01,-1.798004836566516676e-02
1.700000000000000000e+01,-2.128864574694357137e-02
1.702083333333333215e+01,-1.955914679413965629e-02
1.704166666666666430e+01,-4.078793268735780853e-03
1.706250000000000000e+01,9.034020787015532850e-03
1.708333333333333215e+01,8.474294136162038513e-03
1.710416666666666430e+01,-6.201673641007939214e-04
1.712500000000000000e+01,-3.780669488444258087e-03
1.714583333333333215e+01,7.062607124512231514e-03
1.716666666666666430e+01,1.508570066792862957e-02
1.718750000000000000e+01,9.391984942025678740e-03
1.720833333333333215e+01,6.388491704702551136e-03
1.722916666666666430e+01,6.712521768236376363e-03
1.725000000000000000e+01,-3.010910320530935883e-03
1.727083333333333215e+01,-1.028119060677308051e-02
1.729166666666666430e+01,-4.003547270491221097e-03
1.731250000000000000e+01,-9.208111958048115231e-05
1.733333333333333215e+01,-1.028707034560535222e-02
1.735416666666666430e+01,-1.794964679474776031e-02
1.737500000000000000e+01,-1.183704716147693063e-02
1.739583333333333215e+01,-7.812189437278977550e-03
1.741666666666666430e+01,-1.691612587863255274e-02
1.743750000000000000e+01,-2.288725394245466616e-02
1.745833333333333215e+01,-1.437353075293566068e-02
1.747916666666666430e+01,-8.034102115949317419e-03
1.750000000000000000e+01,-1.327296182182346324e-02
1.752083333333333215e+01,-1.479767631549318459e-02
1.754166666666666430e+01,-4.371081596219256009e-03
1.756250000000000000e+01,1.899747608242796431e-03
1.758333333333333215e+01,-5.276151549511113453e-03
1.760416666666666430e+01,-9.741128403644518791e-03
1.762500000000000000e+01,-4.554380722859157639e-04
1.764583333333333215e+01,6.116472269303925915e-03
1.766666666666666430e+01,-4.009094812213216002e-04
1.768750000000000000e+01,-4.148844999779391710e-03
1.770833333333333215e+01,5.641074736599976588e-03
1.772916666666666430e+01,1.234099982772110873e-02
1.775000000000000000e+01,5.534312270592399614e-03
1.777083333333333215e+01,-1.447887648399479206e-03
1.779166666666666430e+01,3.367261289206044828e-03
1.781250000000000000e+01,5.132022762734449357e-03
1.783333333333333215e+01,-6.586505446041864345e-03
1.785416666666666430e+01,-1.561329955701311681e-02
1.787500000000000000e+01,-1.085386721828900287e-02
1.789583333333333215e+01,-6.068970323354196637e-03
1.791666666666666430e+01,-1.296361473090051723e-02
1.793750000000000000e+01,-1.748278855119520317e-02
1.795833333333333215e+01,-9.033045714945894117e-03
1.797916666666666430e+01,-3.903305573684060469e-03
1.800000000000000000e+01,-1.325097028272522771e-02
1.802083333333333215e+01,-2.067615617817513893e-02
1.804166666666666430e+01,-1.537025932344119293e-02
1.806250000000000000e+01,-1.338241824725675683e-02
1.808333333333333215e+01,-1.870181008835766073e-02
1.810416666666666430e+01,-1.752235910989003928e-02
1.812500000000000000e+01,-3.428099081265233682e-03
1.814583333333333215e+01,7.508202633988587602e-03
1.816666666666666430e+01,4.092769377394511916e-03
1.818750000000000000e+01,-3.940303879368644560e-04
1.820833333333333215e+01,6.030824840347645370e-03
1.822916666666666430e+01,9.198975031355466694e-03
1.825000000000000000e+01,-6.495782674334557453e-04
1.827083333333333215e+01,-7.600157809962622760e-03
1.829166666666666430e+01,-1.575723716273702037e-03
1.831250000000000000e+01,1.151327927957258076e-03
1.833333333333333215e+01,-1.017019742716519272e-02
1.835416666666666430e+01,-1.894944795596372605e-02
1.837500000000000000e+01,-1.455365602893494113e-02
1.839583333333333215e+01,-3.281666398365232652e-03
1.841666666666666430e+01,5.373076781518164920e-04
1.843750000000000000e+01,-9.873410462190651202e-03
1.845833333333333215e+01,-1.831755012987027614e-02
1.847916666666666430e+01,-1.375665330171049229e-02
1.850000000000000000e+01,-3.103138054346915933e-03
1.852083333333333215e+01,-6.007761695890412919e-04
1.854166666666666430e+01,-1.078200948104543130e-02
1.856250000000000000e+01,-1.776487476918496219e-02
1.858333333333333215e+01,-1.199074386956146612e-02
1.860416666666666430e+01,-3.433939479186784872e-03
1.862500000000000000e+01,-5.081339200712260001e-03
1.864583333333333215e+01,-7.066223716020287281e-03
1.866666666666666430e+01,2.107132137890271959e-03
1.868750000000000000e+01,8.112267931575021379e-03
1.870833333333333215e+01,1.422704395087529577e-05
1.872916666666666430e+01,-5.524879907865086828e-03
1.875000000000000000e+01,1.989414341447323219e-03
1.877083333333333215e+01,6.140752547295106126e-03
1.879166666666666430e+01,-3.938208786231058023e-03
1.881250000000000000e+01,-1.184540255872038386e-02
1.883333333333333215e+01,-6.873237768628709214e-03
1.885416666666666430e+01,-5.310174384508402519e-03
1.887500000000000000e+01,-1.185690244163774623e-02
1.889583333333333215e+01,-1.218532161726237732e-02
1.891666666666666430e+01,3.006222075110507241e-04
1.893750000000000000e+01,9.187488279750339812e-03
1.895833333333333215e+01,3.744577026781780154e-03
1.897916666666666430e+01,4.211041659927041185e-04
1.900000000000000000e+01,9.854549487559330356e-03
1.902083333333333215e+01,1.567774600405587998e-02
1.904166666666666430e+01,7.014692588705563787e-03
1.906250000000000000e+01,4.879856027509332284e-04
1.908333333333333215e+01,6.669730504912299920e-03
1.910416666666666430e+01,9.231383772176304792e-03
1.912500000000000000e+01,-2.586063969086382745e-03
1.914583333333333215e+01,-1.226404167476458085e-02
1.916666666666666430e+01,-9.078699444102238461e-03
1.918750000000000000e+01,-9.299991258848691253e-03
1.920833333333333215e+01,-1.522738656033388420e-02
1.922916666666666430e+01,-1.333221749374348744e-02
1.925000000000000000e+01,-3.947478901436548594e-03
1.927083333333333215e+01,-1.418891204782458818e-03
1.929166666666666430e+01,-1.302030234626833441e-02
1.931250000000000000e+01,-2.193135489975991254e-02
1.933333333333333215e+01,-1.749873027578175907e-02
1.935416666666666430e+01,-7.757190456244333725e-03
1.937500000000000000e+01,-6.600722452864473191e-03
1.939583333333333215e+01,-1.433240643127763926e-02
1.941666666666666430e+01,-1.632197140544847103e-02
1.943750000000000000e+01,-4.952204818058635570e-03
1.945833333333333215e+01,2.967695257847125390e-03
1.947916666666666430e+01,-2.724490530885122306e-03
1.950000000000000000e+01,-5.600258874857180942e-03
1.952083333333333215e+01,5.443190300725203948e-03
1.954166666666666430e+01,1.368151793508380100e-02
1.956250000000000000e+01,8.430199075004635514e-03
1.958333333333333215e+01,1.746844198156325334e-03
1.960416666666666430e+01,5.897410090899624265e-03
1.962500000000000000e+01,6.913685683260293972e-03
1.964583333333333215e+01,-1.053743930340451376e-03
1.966666666666666430e+01,-3.147883521163432046e-03
1.968750000000000000e+01,-8.719500851143208902e-04
1.970833333333333215e+01,-7.185621816503905829e-03
1.972916666666666430e+01,-1.001674484766261648e-02
1.975000000000000000e+01,1.582938809088221864e-03
1.977083333333333215e+01,1.092324850636239297e-02
1.979166666666666430e+01,7.566787838131711769e-03
1.981250000000000000e+01,-3.899286654785306776e-04
1.983333333333333215e+01,5.136848200547400800e-04
1.985416666666666430e+01,4.216384488187788909e-03
1.987500000000000000e+01,-1.658211033870276956e-03
1.989583333333333215e+01,-7.429850187880129853e-03
1.991666666666666430e+01,-1.255518158460807148e-03
1.993750000000000000e+01,2.763489854478302400e-03
1.995833333333333215e+01,-6.065588366058202209e-03
1.997916666666666430e+01,-1.133071701227448755e-02
2.000000000000000000e+01,-3.841146961780002138e-03
2.002083333333333215e+01,4.239172307085485657e-04
2.004166666666666430e+01,-8.061919388896728045e-03
2.006250000000000000e+01,-1.301019093599631131e-02
2.008333333333333215e+01,-3.627513705680444813e-03
2.010416666666666430e+01,3.523844786471414837e-03
2.012500000000000000e+01,-2.103522094769802713e-03
2.014583333333333215e+01,-4.175412439472489523e-03
2.016666666666666430e+01,5.066245554174993691e-03
2.018750000000000000e+01,1.025534389221506755e-02
2.020833333333333215e+01,2.812103962076374121e-03
2.022916666666666430e+01,-9.287939908849325056e-04
2.025000000000000000e+01,5.453912719244224071e-03
2.027083333333333215e+01,6.778168947114269170e-03
2.029166666666666430e+01,-4.590775863453001003e-03
2.031250000000000000e+01,-1.230552670300409310e-02
2.033333333333333215e+01,-5.621255791790961270e-03
2.035416666666666430e+01,-1.060645838091793915e-03
2.037500000000000000e+01,-9.187960805324324812e-03
2.039583333333333215e+01,-1.374225971359835027e-02
2.041666666666666430e+01,-7.581884037083485260e-03
2.043750000000000000e+01,-5.916589484717825649e-03
2.045833333333333215e+01,-1.622922977402114705e-02
2.047916666666666430e+01,-2.264476765588376364e-02
2.050000000000000000e+01,-1.472595224234367339e-02
2.052083333333333215e+01,-8.778717622595980097e-03
2.054166666666666430e+01,-1.571924923292019813e-02
2.056250000000000000e+01,-2.105332906720151082e-02
2.058333333333333215e+01,-1.310677010332585157e-02
2.060416666666666430e+01,-7.131897516795712016e-03
2.062500000000000000e+01,-1.412992655805848929e-02
2.064583333333333215e+01,-1.780968232707450666e-02
2.066666666666666430e+01,-1.141703010956729956e-02
2.068750000000000000e+01,-9.780131074148719350e-03
2.070833333333333215e+01,-1.731020373887744157e-02
2.072916666666666430e+01,-1.902009660783455028e-02
2.075000000000000000e+01,-1.387596045216276698e-02
2.077083333333333215e+01,-1.570272885682142891e-02
2.079166666666666430e+01,-1.445029837503353405e-02
2.081250000000000000e+01,-3.683927264242687662e-03
2.083333333333333215e+01,2.056142064991763226e-03
2.085416666666666430e+01,-5.164960836989001235e-03
2.087500000000000000e+01,-8.748806404069098958e-03
2.089583333333333215e+01,1.699206916469781121e-03
2.091666666666666430e+01,9.678288263335920946e-03
2.093750000000000000e+01,3.799469853464452953e-03
2.095833333333333215e+01,8.152233169369536890e-04
2.097916666666666430e+01,1.001823558980999632e-02
2.100000000000000000e+01,1.549136367926858167e-02
2.102083333333333215e+01,6.827145960329004427e-03
2.104166666666666430e+01,7.796758286274077564e-04
2.106250000000000000e+01,8.346229763848243485e-03
2.108333333333333215e+01,1.319564343289126619e-02
2.110416666666666430e+01,4.067483931106570527e-03
2.112500000000000000e+01,-2.112762615995496165e-03
2.114583333333333215e+01,5.271405619049622168e-03
2.116666666666666430e+01,9.990469250495541062e-03
2.118750000000000000e+01,9.800050740928561380e-04
2.120833333333333215e+01,-5.109037463758824178e-03
2.122916666666666430e+01,9.567418857976691489e-04
2.125000000000000000e+01,3.527240244522009474e-03
2.127083333333333215e+01,-7.610413851610294336e-03
2.129166666666666430e+01,-1.583853166087939232e-02
2.131250000000000000e+01,-1.059548615979007298e-02
2.133333333333333215e+01,-8.014628721203155559e-03
2.135416666666666430e+01,-1.927754331910876140e-02
2.137500000000000000e+01,-2.796931072985687008e-02
2.139583333333333215e+01,-2.330047157170590799e-02
2.141666666666666430e+01,-2.130116912264902462e-02
2.143750000000000000e+01,-3.306927333037218419e-02
2.145833333333333215e+01,-4.193444822886339268e-02
2.147916666666666430e+01,-3.742539154576647598e-02
2.150000000000000000e+01,-2.528706891664348269e-02
2.152083333333333215e+01,-1.993085165999809380e-02
2.154166666666666430e+01,-2.800446549308469035e-02
2.156250000000000000e+01,-3.366963816142327232e-02
2.158333333333333215e+01,-2.547741308695129422e-02
2.160416666666666430e+01,-1.981589271021360482e-02
2.162500000000000000e+01,-2.385109773502436248e-02
2.164583333333333215e+01,-2.287967007363083186e-02
2.166666666666666430e+01,-7.885546442943883183e-03
2.168750000000000000e+01,4.562288814215518205e-03
2.170833333333333215e+01,3.561141385518612132e-03
2.172916666666666430e+01,5.026207323515856883e-03
2.175000000000000000e+01,7.453308768254219424e-03
2.177083333333333215e+01,2.353937183455096990e-03
2.179166666666666430e+01,2.036637580735675256e-03
2.181250000000000000e+01,1.492910511865444718e-02
2.183333333333333215e+01,2.436865839285407703e-02
2.185416666666666430e+01,1.929183083765679402e-02
2.187500000000000000e+01,1.626571712292690722e-02
2.189583333333333215e+01,2.663206584885952424e-02
2.191666666666666430e+01,3.348520812369942812e-02
2.193750000000000000e+01,2.631020922901194242e-02
2.195833333333333215e+01,2.180732854293030917e-02
2.197916666666666430e+01,2.943218820964247501e-02
2.200000000000000000e+01,3.277126215928116010e-02
2.202083333333333215e+01,2.232992262787540302e-02
2.204166666666666430e+01,1.464335030871839402e-02
2.206250000000000000e+01,2.074966001314255265e-02
2.208333333333333215e+01,2.367698141328605441e-02
2.210416666666666430e+01,1.231310060702047425e-02
2.212500000000000000e+01,3.171778449069536862e-03
2.214583333333333215e+01,-3.629227559807724109e-03
2.216666666666666430e+01,-1.574840459700921000e-02
2.218750000000000000e+01,-2.233834528765062111e-02
2.220833333333333215e+01,-1.601446098170415319e-02
2.222916666666666430e+01,-1.297352206764709227e-02
2.225000000000000000e+01,-2.428082508256159192e-02
2.227083333333333215e+01,-3.352031606921245660e-02
2.229166666666666430e+01,-2.986784934952885218e-02
2.231250000000000000e+01,-2.959172818665064750e-02
2.233333333333333215e+01,-4.062457104991438334e-02
2.235416666666666430e+01,-4.748164291955383337e-02
2.237500000000000000e+01,-4.165839765063184680e-02
2.239583333333333215e+01,-3.953361898591563339e-02
2.241666666666666430e+01,-4.103806590425936041e-02
2.243750000000000000e+01,-3.310930811418091174e-02
2.245833333333333215e+01,-2.846181091068242242e-02
2.247916666666666430e+01,-3.422957719747649757e-02
2.250000000000000000e+01,-3.530462895394618356e-02
2.252083333333333215e+01,-2.338242396602078360e-02
2.254166666666666430e+01,-1.511430248469378471e-02
2.256250000000000000e+01,-2.127826264514421847e-02
2.258333333333333215e+01,-2.532848432374651751e-02
2.260416666666666430e+01,-1.639766198424765994e-02
2.262500000000000000e+01,-1.109397984081174522e-02
2.264583333333333215e+01,-8.641448714326718794e-03
2.266666666666666430e+01,-3.884038413668879780e-03
2.268750000000000000e+01,-1.303872317900170354e-03
2.270833333333333215e+01,5.594732569870070234e-03
2.272916666666666430e+01,1.345370249751978893e-02
2.275000000000000000e+01,1.070351211577173604e-02
2.277083333333333215e+01,1.010018574101691387e-02
2.279166666666666430e+01,2.241277540934633397e-02
2.281250000000000000e+01,3.211043888742682456e-02
2.283333333333333215e+01,2.806825124878206679e-02
2.285416666666666430e+01,2.675427801414023699e-02
2.287500000000000000e+01,3.514438763565926049e-02
2.289583333333333215e+01,3.888165722748656433e-02
2.291666666666666430e+01,2.886874694840259326e-02
2.293750000000000000e+01,2.142718775948065923e-02
2.295833333333333215e+01,2.110083299783184832e-02
2.297916666666666430e+01,1.436300996838865002e-02
2.300000000000000000e+01,9.620956904036680538e-03
2.302083333333333215e+01,1.662619280789251822e-02
2.304166666666666430e+01,2.057252633475246950e-02
2.306250000000000000e+01,1.187938743231416530e-02
2.308333333333333215e+01,6.673018262325306621e-03
2.310416666666666430e+01,-1.459816963110620184e-03
2.312500000000000000e+01,-1.041630525910828067e-02
2.314583333333333215e+01,-8.168267159620408793e-03
2.316666666666666430e+01,-9.280478892299727153e-03
2.318750000000000000e+01,-2.479410391060138386e-02
2.320833333333333215e+01,-3.827316579452118978e-02
2.322916666666666430e+01,-3.863855202858128973e-02
2.325000000000000000e+01,-3.738867497452966204e-02
2.327083333333333215e+01,-4.053313027879246189e-02
2.329166666666666430e+01,-3.734017586672391809e-02
2.331250000000000000e+01,-3.719805817449884505e-02
2.333333333333333215e+01,-3.825747856899292670e-02
2.335416666666666430e+01,-2.788668957492689351e-02
2.337500000000000000e+01,-2.043077053015121894e-02
2.339583333333333215e+01,-2.647408454574149209e-02
2.341666666666666430e+01,-2.980680742061363880e-02
2.343750000000000000e+01,-1.903568665229911014e-02
2.345833333333333215e+01,-1.012862377857438358e-02
2.347916666666666430e+01,-1.463289103383096090e-02
2.350000000000000000e+01,-1.585416485869550404e-02
2.352083333333333215e+01,-3.680144221783667163e-03
2.354166666666666430e+01,5.781391298106577925e-03
2.356250000000000000e+01,1.470442907367704600e-03
2.358333333333333215e+01,-1.553086826465800219e-04
2.360416666666666430e+01,1.046055953535861283e-02
2.362500000000000000e+01,1.782490192021739250e-02
2.364583333333333215e+01,1.169822214803307482e-02
2.366666666666666430e+01,8.428206590862991066e-03
2.368750000000000000e+01,1.840988527606248273e-02
2.370833333333333215e+01,2.597356219324681303e-02
2.372916666666666430e+01,2.001963022626529476e-02
2.375000000000000000e+01,1.537182456924707057e-02
2.377083333333333215e+01,2.289056254740545748e-02
2.379166666666666430e+01,2.778682855152936337e-02
2.381250000000000000e+01,1.914413727969344406e-02
2.383333333333333215e+01,1.359635992172355048e-02
2.385416666666666430e+01,7.301715103273038847e-03
2.387500000000000000e+01,-1.888314651482626621e-03
2.389583333333333215e+01,-2.400416724848335702e-03
2.391666666666666430e+01,-5.707411554102515515e-03
2.393750000000000000e+01,-1.907181232744518604e-02
2.395833333333333215e+01,-2.784682718997162285e-02
2.397916666666666430e+01,-2.324431277380293800e-02
2.400000000000000000e+01,-2.176735090195174027e-02
2.402083333333333215e+01,-3.023521891550369489e-02
2.404166666666666430e+01,-3.358299858573452618e-02
2.406250000000000000e+01,-2.311413053793339931e-02
2.408333333333333215e+01,-1.563430209585473310e-02
2.410416666666666430e+01,-2.173328997801832543e-02
2.412500000000000000e+01,-2.528245961504375222e-02
2.414583333333333215e+01,-1.497420570648385317e-02
2.416666666666666430e+01,-7.389993826693921734e-03
2.418750000000000000e+01,-1.317140042031690605e-02
2.420833333333333215e+01,-1.625512652761005108e-02
2.422916666666666430e+01,-5.377099862465136403e-03
2.425000000000000000e+01,2.748860181484409637e-03
2.427083333333333215e+01,-2.625682681510006691e-03
2.429166666666666430e+01,-5.300541022987164015e-03
2.431250000000000000e+01,-1.091641604628291410e-03
2.433333333333333215e+01,-4.392716824672815781e-03
2.435416666666666430e+01,-4.905753982755081850e-03
2.437500000000000000e+01,-4.723324724713500247e-03
2.439583333333333215e+01,-9.139660077403678057e-03
2.441666666666666430e+01,-6.753960972488609431e-03
2.443750000000000000e+01,-7.031480474761505825e-03
2.445833333333333215e+01,-1.249882276775142118e-02
2.447916666666666430e+01,-9.231789120751560454e-03
2.450000000000000000e+01,-8.694071703054277386e-03
2.452083333333333215e+01,-1.363261406996156382e-02
2.454166666666666430e+01,-1.059933378371256431e-02
2.456250000000000000e+01,-9.960521505172811527e-03
2.458333333333333215e+01,-1.366576684824634749e-02
2.460416666666666430e+01,-8.224063438415351104e-03
2.462500000000000000e+01,-5.493880213775438788e-03
2.464583333333333215e+01,-1.218579281138389321e-02
2.466666666666666430e+01,-1.358925027932690599e-02
2.468750000000000000e+01,-4.345383516723055374e-03
2.470833333333333215e+01,-6.241509591471362188e-05
2.472916666666666430e+01,-5.148307796960863159e-03
2.475000000000000000e+01,-4.940634466986310036e-03
2.477083333333333215e+01,4.428281729326772644e-03
2.479166666666666430e+01,8.704066712412850820e-03
2.481250000000000000e+01,-2.739628542518934427e-04
2.483333333333333215e+01,-5.949727077432714027e-03
2.485416666666666430e+01,1.680956602693142949e-03
2.487500000000000000e+01,6.459798292162520841e-03
2.489583333333333215e+01,-2.550962434892004721e-03
2.491666666666666430e+01,-9.096242532467676764e-03
2.493750000000000000e+01,-2.631489694016114853e-03
2.495833333333333215e+01,9.174283304877425046e-04
2.497916666666666430e+01,-9.242044220074482549e-03
2.500000000000000000e+01,-1.713483648396195089e-02
2.502083333333333215e+01,-1.212233071995834008e-02
2.504166666666666430e+01,-1.035357981747362863e-02
2.506250000000000000e+01,-1.675832115054489216e-02
2.508333333333333215e+01,-1.730058017729933090e-02
2.510416666666666430e+01,-1.045295776363399862e-02
2.512500000000000000e+01,-1.075299887581766117e-02
2.514583333333333215e+01,-9.001306859248249526e-03
2.516666666666666430e+01,-6.203204046081827079e-03
2.518750000000000000e+01,-8.612924507739235305e-03
2.520833333333333215e+01,-1.007148317898826084e-02
2.522916666666666430e+01,-4.137740696358341644e-03
2.525000000000000000e+01,-2.315787808352052970e-03
2.527083333333333215e+01,-1.438747112608708759e-02
2.529166666666666430e+01,-2.353733075004845257e-02
2.531250000000000000e+01,-1.894329384424715823e-02
2.533333333333333215e+01,-1.527741183850950431e-02
2.535416666666666430e+01,-1.587139097762749543e-02
2.537500000000000000e+01,-7.582644987839679343e-03
2.539583333333333215e+01,-1.732358034290524878e-03
2.541666666666666430e+01,-8.502356592696224541e-03
2.543750000000000000e+01,-1.243807884987743403e-02
2.545833333333333215e+01,-2.711340776965520151e-03
2.547916666666666430e+01,4.037968514265318984e-03
2.550000000000000000e+01,-3.467611341926530276e-03
2.552083333333333215e+01,-8.383397232865838489e-03
2.554166666666666430e+01,-4.336277180243058253e-05
2.556250000000000000e+01,5.886975958591880373e-03
2.558333333333333215e+01,-1.808698894443443866e-03
2.560416666666666430e+01,-6.751563327807259124e-03
2.562500000000000000e+01,1.737241689105582972e-03
2.564583333333333215e+01,7.749850023972585170e-03
2.566666666666666430e+01,4.226574725931164171e-05
2.568750000000000000e+01,-4.857712173302000495e-03
2.570833333333333215e+01,3.848446916153569833e-03
2.572916666666666430e+01,1.034488773987036515e-02
2.575000000000000000e+01,3.185595071180667530e-03
2.577083333333333215e+01,-1.350838486668598038e-03
2.579166666666666430e+01,7.565576490564617645e-03
2.581250000000000000e+01,1.406348556993940006e-02
2.583333333333333215e+01,6.832653108762338709e-03
2.585416666666666430e+01,2.429031222553153756e-03
2.587500000000000000e+01,1.162576296965626976e-02
2.589583333333333215e+01,1.851834793157922099e-02
2.591666666666666430e+01,1.168864323957333889e-02
2.593750000000000000e+01,-1.919591560367867999e-03
2.595833333333333215e+01,-8.408128335054467634e-03
2.597916666666666430e+01,-9.610421953507669807e-04
2.600000000000000000e+01,3.738808255483896774e-03
2.602083333333333215e+01,-5.126098930054717208e-03
2.604166666666666430e+01,-1.132715997187117886e-02
2.606250000000000000e+01,-6.378523918572748773e-03
2.608333333333333215e+01,-5.630514886675645758e-03
2.610416666666666430e+01,-1.837289034636471752e-02
2.612500000000000000e+01,-2.833930357723384724e-02
2.614583333333333215e+01,-2.483597396083241093e-02
2.616666666666666430e+01,-2.454781137643201328e-02
2.618750000000000000e+01,-2.958990711715488858e-02
2.620833333333333215e+01,-2.665333832835727404e-02
2.622916666666666430e+01,-2.521035228649396928e-02
2.625000000000000000e+01,-2.597747718422082491e-02
2.627083333333333215e+01,-2.466422153765345307e-02
2.629166666666666430e+01,-2.206064798772854052e-02
2.631250000000000000e+01,-1.562284493473667726e-02
2.633333333333333215e+01,-1.555038190026830115e-02
2.635416666666666430e+01,-1.541018472112268799e-02
2.637500000000000000e+01,-1.384837764903714720e-02
2.639583333333333215e+01,-1.435805738719762685e-02
2.641666666666666430e+01,-7.048902327307259540e-03
2.643750000000000000e+01,-2.816006804164010793e-03
2.645833333333333215e+01,-1.157162161405661353e-02
2.647916666666666430e+01,-1.735804613596356877e-02
2.650000000000000000e+01,-1.035731319071028951e-02
2.652083333333333215e+01,-6.066401972428452777e-03
2.654166666666666430e+01,-1.551704533712835836e-02
2.656250000000000000e+01,-2.278341642293234270e-02
2.658333333333333215e+01,-1.721139982656068323e-02
2.660416666666666430e+01,-1.144667625665606384e-02
2.662500000000000000e+01,-1.027890634795394775e-02
2.664583333333333215e+01,-7.981968014851634555e-03
2.666666666666666430e+01,-4.954999192272464522e-04
2.668750000000000000e+01,3.776038852495122462e-03
2.670833333333333215e+01,-3.034508039465846387e-03
2.672916666666666430e+01,-6.623501016112674951e-03
2.675000000000000000e+01,2.433475479940782477e-03
2.677083333333333215e+01,7.608546400025110144e-03
2.679166666666666430e+01,3.585204988593644702e-03
2.681250000000000000e+01,5.225367481904734726e-03
2.683333333333333215e+01,1.449047038688764527e-02
2.685416666666666430e+01,1.679453062659597845e-02
2.687500000000000000e+01,6.018781276245230641e-03
2.689583333333333215e+01,-1.628810439548781771e-03
2.691666666666666430e+01,3.446975498868862144e-03
2.693750000000000000e+01,4.784353425449713523e-03
2.695833333333333215e+01,-8.108510997079088761e-03
2.697916666666666430e+01,-1.867337624116294920e-02
2.700000000000000000e+01,-1.641001913476586999e-02
2.702083333333333215e+01,-9.129135510172657619e-03
2.704166666666666430e+01,-1.046794337560296925e-02
2.706250000000000000e+01,-1.266907590865372010e-02
2.708333333333333215e+01,-4.128142505658209324e-03
2.710416666666666430e+01,8.947803224198115201e-04
2.712500000000000000e+01,-8.409175803773144900e-03
2.714583333333333215e+01,-1.554570435242590837e-02
2.716666666666666430e+01,-9.917748630688547062e-03
2.718750000000000000e+01,-4.741129347343562075e-03
2.720833333333333215e+01,-1.182155115314846572e-02
2.722916666666666430e+01,-1.686825481628455650e-02
2.725000000000000000e+01,-9.019292273968164061e-03
2.727083333333333215e+01,-4.419764241270641124e-03
2.729166666666666430e+01,-8.431350385816422863e-03
2.731250000000000000e+01,-6.396252246338352335e-03
2.733333333333333215e+01,3.037318266891593250e-03
2.735416666666666430e+01,6.017267078625042863e-03
2.737500000000000000e+01,-3.780447692897421878e-03
2.739583333333333215e+01,-1.008299515313071382e-02
2.741666666666666430e+01,-3.097024435372091114e-03
2.743750000000000000e+01,1.181470208157548276e-03
2.745833333333333215e+01,-8.037837170116626448e-03
2.747916666666666430e+01,-1.407177906249507462e-02
2.750000000000000000e+01,-6.181371181693183676e-03
2.752083333333333215e+01,-5.781764688832983059e-04
2.754166666666666430e+01,-6.977489809362606363e-03
2.756250000000000000e+01,-9.395695233260382279e-03
2.758333333333333215e+01,2.545788705088477839e-03
2.760416666666666430e+01,1.184226617715861650e-02
2.762500000000000000e+01,7.545223473240070602e-03
2.764583333333333215e+01,5.785186885489269036e-03
2.766666666666666430e+01,8.407038131135345996e-03
2.768750000000000000e+01,3.500546799915689889e-03
2.770833333333333215e+01,-1.983086405899509540e-03
2.772916666666666430e+01,3.764180463428401773e-03
2.775000000000000000e+01,6.534242349004161510e-03
2.777083333333333215e+01,-4.351572733643119945e-03
2.779166666666666430e+01,-1.247898587991732103e-02
2.781250000000000000e+01,-6.504693065038516867e-03
2.783333333333333215e+01,-2.840373940445668158e-03
2.785416666666666430e+01,-1.293922042719811323e-02
2.787500000000000000e+01,-2.033415087759107495e-02
2.789583333333333215e+01,-1.429123208479327056e-02
2.791666666666666430e+01,-1.165542665098092713e-02
2.793750000000000000e+01,-1.701362633466490387e-02
2.795833333333333215e+01,-1.626411267267703631e-02
2.797916666666666430e+01,-7.534130771981418020e-03
2.800000000000000000e+01,-5.531108284187846724e-03
2.802083333333333215e+01,-1.497696064794684298e-02
2.804166666666666430e+01,-2.044451830263873185e-02
2.806250000000000000e+01,-1.295483149718727051e-02
2.808333333333333215e+01,-9.102585953365886079e-03
2.810416666666666430e+01,-1.961699782252461152e-02
2.812500000000000000e+01,-2.808684202352091167e-02
2.814583333333333215e+01,-2.360514192651925677e-02
2.816666666666666430e+01,-1.527628557220036577e-02
2.818750000000000000e+01,-1.624137977452060760e-02
2.820833333333333215e+01,-1.474649863843653479e-02
2.822916666666666430e+01,-6.131116681692969149e-05
2.825000000000000000e+01,1.116810411478420285e-02
2.827083333333333215e+01,8.614267820706192347e-03
2.829166666666666430e+01,8.302284293932944877e-04
2.831250000000000000e+01,1.645985558896004113e-03
2.833333333333333215e+01,-2.719655642052327613e-04
2.835416666666666430e+01,-2.462013165550417434e-03
2.837500000000000000e+01,-3.274774868799490077e-03
2.839583333333333215e+01,-4.097778110272164501e-03
2.841666666666666430e+01,3.145173755508866645e-03
2.843750000000000000e+01,7.233518528613694029e-03
2.845833333333333215e+01,-2.019882082689062816e-03
2.847916666666666430e+01,-8.130228919925739511e-03
2.850000000000000000e+01,1.565034331361169005e-04
2.852083333333333215e+01,6.211172585671343935e-03
2.854166666666666430e+01,-7.728869878848570064e-04
2.856250000000000000e+01,-7.849635073607067262e-03
2.858333333333333215e+01,-2.916225038066892674e-03
2.860416666666666430e+01,-1.726364835014968337e-04
2.862500000000000000e+01,-1.026566194193409901e-02
2.864583333333333215e+01,-1.683292531433359940e-02
2.866666666666666430e+01,-9.171487117620101895e-03
2.868750000000000000e+01,-3.599687812228158715e-03
2.870833333333333215e+01,-1.077136272622384802e-02
2.872916666666666430e+01,-1.445543884295898487e-02
2.875000000000000000e+01,-1.098737096258047344e-02
2.877083333333333215e+01,-1.436898112577000147e-02
2.879166666666666430e+01,-1.413517543988127532e-02
2.881250000000000000e+01,-1.075176216857919899e-02
2.883333333333333215e+01,-1.422813508134179727e-02
2.885416666666666430e+01,-1.577244517973664870e-02
2.887500000000000000e+01,-5.528707544283898226e-03
2.889583333333333215e+01,2.662202092233863573e-03
2.891666666666666430e+01,-1.966099120637522339e-03
2.893750000000000000e+01,-3.413242278167603460e-03
2.895833333333333215e+01,1.100555036066404009e-03
2.897916666666666430e+01,-2.359565008542614632e-03
2.900000000000000000e+01,-9.424029477027180343e-03
2.902083333333333215e+01,-7.206192459637104572e-03
2.904166666666666430e+01,-7.090187776240150681e-03
2.906250000000000000e+01,-1.254791658540528945e-02
2.908333333333333215e+01,-1.091310000368360227e-02
2.910416666666666430e+01,-8.456205435513963059e-03
2.912500000000000000e+01,-1.697319135204511040e-02
2.914583333333333215e+01,-2.309484305486621258e-02
2.916666666666666430e+01,-1.610339158822445341e-02
2.918750000000000000e+01,-1.243964956117319699e-02
2.920833333333333215e+01,-1.704150891961963774e-02
2.922916666666666430e+01,-1.531951763441249947e-02
2.925000000000000000e+01,-5.136533763752847842e-03
2.927083333333333215e+01,-1.112001509338007149e-03
2.929166666666666430e+01,-1.092485623611098335e-02
2.931250000000000000e+01,-1.820736866554855532e-02
2.933333333333333215e+01,-1.113314031406784262e-02
2.935416666666666430e+01,1.052679037379105308e-02
2.937500000000000000e+01,4.645056706780918004e-02
2.939583333333333215e+01,7.797701629194174477e-02
2.941666666666666430e+01,9.515191520016440252e-02
2.943750000000000000e+01,1.165212027483755602e-01
2.945833333333333215e+01,1.512220145125237336e-01
2.947916666666666430e+01,1.805117370202956872e-01
2.950000000000000000e+01,1.958823113690403017e-01
2.952083333333333215e+01,2.164724881204168616e-01
2.954166666666666430e+01,2.327667791937960973e-01
2.956250000000000000e+01,2.321164106366365720e-01
2.958333333333333215e+01,2.348678475273139887e-01
2.960416666666666430e+01,2.448209456764418035e-01
2.962500000000000000e+01,2.446411495493485411e-01
2.964583333333333215e+01,2.278078643104164414e-01
2.966666666666666430e+01,2.142055916100577551e-01
2.968750000000000000e+01,2.067480130644272496e-01
2.970833333333333215e+01,1.885277695558689737e-01
2.972916666666666430e+01,1.580205008682691314e-01
2.975000000000000000e+01,1.331776014819777143e-01
2.977083333333333215e+01,1.243320805377404192e-01
2.979166666666666430e+01,1.122171820276757076e-01
2.981250000000000000e+01,8.498606767786197336e-02
2.983333333333333215e+01,6.064615294611786639e-02
2.985416666666666430e+01,4.755723925331670904e-02
2.987500000000000000e+01,2.892483013249306373e-02
2.989583333333333215e+01,-4.501793718340509932e-03
2.991666666666666430e+01,-3.591801337607282429e-02
2.993750000000000000e+01,-5.451042593147194248e-02
2.995833333333333215e+01,-6.010376337987092393e-02
2.997916666666666430e+01,-6.843346974195724242e-02
3.000000000000000000e+01,-8.873174078736854875e-02
3.002083333333333215e+01,-1.059706810178645126e-01
3.004166666666666430e+01,-1.097950063236897561e-01
3.006250000000000000e+01,-1.012283048754883258e-01
3.008333333333333215e+01,-9.775433872444160011e-02
3.010416666666666430e+01,-1.082657966850032738e-01
3.012500000000000000e+01,-1.150351518696430680e-01
3.014583333333333215e+01,-1.063113511211990214e-01
3.016666666666666430e+01,-8.350597434119605422e-02
3.018750000000000000e+01,-6.431891493118864489e-02
3.020833333333333215e+01,-5.792596032443182025e-02
3.022916666666666430e+01,-4.710264215023203527e-02
3.025000000000000000e+01,-2.871189079127108024e-02
3.027083333333333215e+01,-1.758698562502104129e-02
3.029166666666666430e+01,-1.635124831466365156e-02
3.031250000000000000e+01,-9.390495226740479262e-03
3.033333333333333215e+01,7.781957897200951491e-03
3.035416666666666430e+01,1.996669937565370007e-02
3.037500000000000000e+01,1.938911618429181583e-02
3.039583333333333215e+01,2.225016842109508314e-02
3.041666666666666430e+01,3.291288076213062797e-02
3.043750000000000000e+01,3.747211423298167643e-02
3.045833333333333215e+01,2.919098357228961521e-02
3.047916666666666430e+01,2.396099599427262139e-02
3.050000000000000000e+01,3.321149339688056479e-02
3.052083333333333215e+01,4.090103346663172962e-02
3.054166666666666430e+01,3.565094281187044384e-02
3.056250000000000000e+01,2.958713178361543905e-02
3.058333333333333215e+01,3.371611874021795269e-02
3.060416666666666430e+01,3.485993310352389352e-02
3.062500000000000000e+01,2.286969784292466543e-02
3.064583333333333215e+01,1.351783677022110747e-02
3.066666666666666430e+01,1.837680275178067701e-02
3.068750000000000000e+01,2.104813333353252117e-02
3.070833333333333215e+01,1.049537987243311619e-02
3.072916666666666430e+01,2.320920183976095397e-03
3.075000000000000000e+01,6.093630922006714953e-03
3.077083333333333215e+01,5.884163401267820601e-03
3.079166666666666430e+01,-2.852317271972759465e-03
3.081250000000000000e+01,-5.714032828379507316e-03
3.083333333333333215e+01,2.800999457889434899e-03
3.085416666666666430e+01,6.867049102623820969e-03
3.087500000000000000e+01,-3.523290831517855975e-03
3.089583333333333215e+01,-1.198865268366584337e-02
3.091666666666666430e+01,-7.654051598449371045e-03
3.093750000000000000e+01,-6.685719463162514975e-03
3.095833333333333215e+01,-1.821151928679524967e-02
3.097916666666666430e+01,-2.651871341754220152e-02
3.100000000000000000e+01,-2.198961306754342038e-02
3.102083333333333215e+01,-2.082191393726740003e-02
3.104166666666666430e+01,-2.604166195070952219e-02
3.106250000000000000e+01,-2.400158324845794861e-02
3.108333333333333215e+01,-1.684938371414960653e-02
3.110416666666666430e+01,-1.044134708480683356e-02
3.112500000000000000e+01,-5.341947764284290905e-03
3.114583333333333215e+01,2.412223196878058521e-04
3.116666666666666430e+01,4.248364512954212226e-03
3.118750000000000000e+01,6.833031279007667491e-03
3.120833333333333215e+01,1.121061761029170864e-02
3.122916666666666430e+01,1.213858278654617387e-02
3.125000000000000000e+01,1.233964944488633898e-02
3.127083333333333215e+01,1.726972974718144621e-02
3.129166666666666430e+01,1.552472914672318322e-02
3.131250000000000000e+01,1.200294469252298317e-02
3.133333333333333215e+01,1.880500996275223657e-02
3.135416666666666430e+01,2.222370173487132547e-02
3.137500000000000000e+01,1.126239535955390371e-02
3.139583333333333215e+01,2.452336907148574847e-03
3.141666666666666430e+01,6.544370324634746043e-03
3.143750000000000000e+01,1.450561190563549527e-02
3.145833333333333215e+01,1.291003185128146956e-02
3.147916666666666430e+01,1.414616323182344391e-02
3.150000000000000000e+01,2.010574366713118247e-02
3.152083333333333215e+01,1.762148071242448585e-02
3.154166666666666430e+01,1.349859186158916015e-02
3.156250000000000000e+01,1.980080493352440879e-02
3.158333333333333215e+01,2.309289531453072655e-02
3.160416666666666430e+01,1.298156062117179939e-02
3.162500000000000000e+01,5.601291004379940416e-03
3.164583333333333215e+01,1.220035840584862870e-02
3.166666666666666430e+01,1.592552964013987243e-02
3.168750000000000000e+01,6.112245973966866017e-03
3.170833333333333215e+01,-8.742092365130854073e-04
3.172916666666666430e+01,5.862636943701036649e-03
3.175000000000000000e+01,9.425806041256519149e-03
3.177083333333333215e+01,-6.195618883648360388e-04
3.179166666666666430e+01,-7.853666669701683464e-03
3.181250000000000000e+01,-1.259469626828233239e-03
3.183333333333333215e+01,2.827021937161601668e-03
3.185416666666666430e+01,-6.118060939962278837e-03
3.187500000000000000e+01,-1.245221744639182608e-02
3.189583333333333215e+01,-5.250971526869069317e-03
3.191666666666666430e+01,-8.411949117001514325e-04
3.193750000000000000e+01,-9.552098019768291357e-03
3.195833333333333215e+01,-1.570297977274134893e-02
3.197916666666666430e+01,-8.214732027497204797e-03
3.200000000000000000e+01,-3.223972327933866556e-03
3.202083333333332860e+01,-1.016198138754183938e-02
3.204166666666666430e+01,-1.341415671035456683e-02
3.206250000000000000e+01,-2.900994949754229744e-03
3.208333333333332860e+01,5.233940627901335386e-03
3.210416666666666430e+01,4.476809533233479937e-04
3.212500000000000000e+01,-1.281201449391503652e-03
3.214583333333332860e+01,7.593529693551644838e-03
3.216666666666666430e+01,1.238127782682755390e-02
3.218750000000000000e+01,4.283937868615118882e-03
3.220833333333332860e+01,-4.360578941795771732e-04
3.222916666666666430e+01,8.471643725548492002e-03
3.225000000000000000e+01,1.485323120431161596e-02
3.227083333333332860e+01,7.485798086803615616e-03
3.229166666666666430e+01,2.915376118105651899e-03
3.231250000000000000e+01,1.162822251090869785e-02
3.233333333333332860e+01,1.775476414464226271e-02
3.235416666666666430e+01,1.013658717344169402e-02
3.237500000000000000e+01,5.090133037983321507e-03
3.239583333333332860e+01,1.247056315014709836e-02
3.241666666666666430e+01,1.665855620137816906e-02
3.243750000000000000e+01,7.021595521107803876e-03
3.245833333333332860e+01,2.225686073733994599e-04
3.247916666666666430e+01,6.963867075676776798e-03
3.250000000000000000e+01,1.110791947172798909e-02
3.252083333333332860e+01,1.457954047430233373e-03
3.254166666666666430e+01,-5.367550640633550127e-03
3.256250000000000000e+01,1.107286427122338660e-03
3.258333333333332860e+01,5.006408865337957058e-03
3.260416666666666430e+01,-4.727790113475114665e-03
3.262500000000000000e+01,-1.163612109127272476e-02
3.264583333333332860e+01,-5.238742650246629336e-03
3.266666666666666430e+01,-9.941275161586900395e-04
3.268750000000000000e+01,-6.429586768414980238e-03
3.270833333333332860e+01,-6.427644413929125070e-03
3.272916666666666430e+01,4.913086409562911899e-03
3.275000000000000000e+01,1.228147372793620372e-02
3.277083333333332860e+01,6.002680190391028285e-03
3.279166666666666430e+01,2.529062531543306656e-03
3.281250000000000000e+01,9.869362930498981265e-03
3.283333333333332860e+01,1.304283090064300120e-02
3.285416666666666430e+01,6.567926349485918476e-03
3.287500000000000000e+01,5.486503579374342118e-03
3.289583333333332860e+01,1.542085214190576890e-02
3.291666666666666430e+01,2.127870102507616046e-02
3.293750000000000000e+01,1.350750367335325393e-02
3.295833333333332860e+01,8.541599898634361782e-03
3.297916666666666430e+01,1.467219408759500542e-02
3.300000000000000000e+01,1.679938720973018704e-02
3.302083333333332860e+01,5.270108082005620087e-03
3.304166666666666430e+01,-3.811263861309230165e-03
3.306250000000000000e+01,2.345585586858813301e-04
3.308333333333332860e+01,7.917698931399363592e-04
3.310416666666666430e+01,-6.515599205960420984e-03
3.312500000000000000e+01,-7.683837857357541518e-03
3.314583333333332860e+01,-1.223789360332996597e-03
3.316666666666666430e+01,-1.728096401979141309e-03
3.318750000000000000e+01,-1.158402351424955498e-02
3.320833333333332860e+01,-1.618444832982723555e-02
3.322916666666666430e+01,-7.646878886543782144e-03
3.325000000000000000e+01,-1.982080853732571830e-03
3.327083333333332860e+01,-1.015480970704999916e-02
3.329166666666666430e+01,-1.532344344681924736e-02
3.331250000000000000e+01,-7.078063034779634791e-03
3.333333333333332860e+01,-1.433274979627156094e-03
3.335416666666666430e+01,-9.576572182789795662e-03
3.337500000000000000e+01,-1.510148998767094769e-02
3.339583333333332860e+01,-7.344668010536800108e-03
3.341666666666666430e+01,2.713010439163775732e-03
3.343750000000000000e+01,2.173968277750145013e-03
3.345833333333332860e+01,4.365348359722692403e-03
3.347916666666666430e+01,1.517844426720304195e-02
3.350000000000000000e+01,2.026804900852698446e-02
3.352083333333332860e+01,1.174989347234208122e-02
3.354166666666666430e+01,6.065993201043716823e-03
3.356250000000000000e+01,1.361523906064618546e-02
3.358333333333332860e+01,1.858982792397710290e-02
3.360416666666666430e+01,1.139535086595779359e-02
3.362500000000000000e+01,8.095306559606845268e-03
3.364583333333332860e+01,1.810810260999454885e-02
3.366666666666666430e+01,2.556895515440171449e-02
3.368750000000000000e+01,1.953872076862418414e-02
3.370833333333332860e+01,1.627504139366401509e-02
3.372916666666666430e+01,1.853737141079315337e-02
3.375000000000000000e+01,1.322041042792094362e-02
3.377083333333332860e+01,1.089731961426138387e-02
3.379166666666666430e+01,2.066141351673966495e-02
3.381250000000000000e+01,2.611053832854963799e-02
3.383333333333332860e+01,1.811560032282058183e-02
3.385416666666666430e+01,1.285463457763971230e-02
3.387500000000000000e+01,1.495100931924206976e-02
3.389583333333332860e+01,9.937228080923822537e-03
3.391666666666666430e+01,-3.150943501319359956e-03
3.393750000000000000e+01,-9.901031667521953752e-03
3.395833333333332860e+01,-2.793433850883066377e-03
3.397916666666666430e+01,1.315466559283358936e-03
3.400000000000000000e+01,-8.043380367885750656e-03
3.402083333333332860e+01,-1.481288964937082890e-02
3.404166666666666430e+01,-7.926543120848721091e-03
3.406250000000000000e+01,-4.144378854934977624e-03
3.408333333333332860e+01,-1.028746984055320564e-02
3.410416666666666430e+01,-1.145274352476564374e-02
3.412500000000000000e+01,6.912170041394811223e-04
3.414583333333332860e+01,9.732841049161345889e-03
3.416666666666666430e+01,5.372761725683364298e-03
3.418750000000000000e+01,-3.392352686044169886e-04
3.420833333333332860e+01,4.955829556676401293e-03
3.422916666666666430e+01,7.243082320148555749e-03
3.425000000000000000e+01,-8.191533611958906700e-04
3.427083333333332860e+01,-4.170331781959484355e-03
3.429166666666666430e+01,6.137009810759139206e-03
3.431250000000000000e+01,1.354272550207910771e-02
3.433333333333332860e+01,7.553571418086497090e-03
3.435416666666666430e+01,4.611224019916701673e-03
3.437500000000000000e+01,1.581527824542875924e-02
3.439583333333332860e+01,2.423702936603173638e-02
3.441666666666666430e+01,1.901525499661330110e-02
3.443750000000000000e+01,1.107969650385544520e-02
3.445833333333332860e+01,1.299021972952633074e-02
3.447916666666666430e+01,1.560023035235768435e-02
3.450000000000000000e+01,7.299067088746795731e-03
3.452083333333332860e+01,1.656904439957046981e-03
3.454166666666666430e+01,9.676729042364870526e-03
3.456250000000000000e+01,1.468985322002261742e-02
3.458333333333332860e+01,6.017951450770743331e-03
3.460416666666666430e+01,-1.874922342245459949e-04
3.462500000000000000e+01,6.448890834216722268e-03
3.464583333333332860e+01,9.465933091709998262e-03
3.466666666666666430e+01,-1.881873749026993260e-03
3.468750000000000000e+01,-1.096092594719462292e-02
3.470833333333332860e+01,-7.037787365538394034e-03
3.472916666666666430e+01,-6.625319916608796850e-03
3.475000000000000000e+01,-8.152603783082017219e-03
3.477083333333332860e+01,1.867361120381601984e-04
3.479166666666666430e+01,4.685628370814547312e-03
3.481250000000000000e+01,-4.812596081720500740e-03
3.483333333333332860e+01,-1.208191117369055573e-02
3.485416666666666430e+01,-5.380401290445917251e-03
3.487500000000000000e+01,-1.088653693606032175e-03
3.489583333333332860e+01,-8.032281061711036077e-03
3.491666666666666430e+01,-1.092582371123781461e-02
3.493750000000000000e+01,-5.674863589421412898e-05
3.495833333333332860e+01,7.993073007464357102e-03
3.497916666666666430e+01,2.615783304968945060e-03
3.500000000000000000e+01,-2.059004035047878412e-04
3.502083333333332860e+01,1.069712009017642108e-02
3.504166666666666430e+01,1.878835098440219398e-02
3.506250000000000000e+01,1.358089004852240482e-02
3.508333333333332860e+01,9.714200706010646738e-03
3.510416666666666430e+01,1.893351576479229692e-02
3.512500000000000000e+01,2.564017764237287028e-02
3.514583333333332860e+01,1.900571649477994854e-02
3.516666666666666430e+01,1.496263729510905263e-02
3.518750000000000000e+01,1.864859679728785372e-02
3.520833333333332860e+01,1.574001141835963333e-02
3.522916666666666430e+01,1.420789236170965850e-02
3.525000000000000000e+01,1.733869439754930075e-02
3.527083333333332860e+01,1.281959141317425693e-02
3.529166666666666430e+01,4.647073456959647034e-03
3.531250000000000000e+01,6.125424081547602845e-03
3.533333333333332860e+01,1.095365310266017272e-02
3.535416666666666430e+01,6.392060383709895210e-03
3.537500000000000000e+01,3.883730603138437366e-03
3.539583333333332860e+01,6.173237822794528512e-03
3.541666666666666430e+01,7.900751951589487891e-04
3.543750000000000000e+01,-1.045464539481130196e-03
3.545833333333332860e+01,9.316742160700483555e-03
3.547916666666666430e+01,1.610099417316563503e-02
3.550000000000000000e+01,1.015960302346917768e-02
3.552083333333332860e+01,2.225837527122073462e-03
3.554166666666666430e+01,4.766836966353040980e-03
3.556250000000000000e+01,4.938089280792237225e-03
3.558333333333332860e+01,-4.920456126542146688e-03
3.560416666666666430e+01,-1.002737794900053318e-02
3.562500000000000000e+01,-2.364789580558994929e-03
3.564583333333332860e+01,2.247127387569229553e-03
3.566666666666666430e+01,-6.798134510089864392e-03
3.568750000000000000e+01,-1.292717348782976457e-02
3.570833333333332860e+01,-5.097259111433584400e-03
3.572916666666666430e+01,-4.254738458533226703e-05
3.575000000000000000e+01,-8.408094606639432769e-03
3.577083333333332860e+01,-1.348363099996732414e-02
3.579166666666666430e+01,-4.258309601674363162e-03
3.581250000000000000e+01,2.562605481710144347e-03
3.583333333333332860e+01,-3.586586973873888765e-03
3.585416666666666430e+01,-6.697082807355819387e-03
3.587500000000000000e+01,4.033399655761935217e-03
3.589583333333332860e+01,1.188813787419547990e-02
3.591666666666666430e+01,5.780358505382327330e-03
3.593750000000000000e+01,2.130252987398075643e-03
3.595833333333332860e+01,9.414009554075706415e-03
3.597916666666666430e+01,1.183145152350180765e-02
3.600000000000000000e+01,4.040466979756246989e-03
3.602083333333332860e+01,1.189359249710871631e-03
3.604166666666666430e+01,1.020266853079822809e-02
3.606250000000000000e+01,1.530565189611900016e-02
3.608333333333332860e+01,6.344659734416658453e-03
3.610416666666666430e+01,1.489358497654412234e-04
3.612500000000000000e+01,7.362768743661544241e-03
3.614583333333332860e+01,1.207160256440647540e-02
3.616666666666666430e+01,3.477752527322197813e-03
3.618750000000000000e+01,-1.865510958088025060e-03
3.620833333333332860e+01,6.396588021128257924e-03
3.622916666666666430e+01,1.218348929981542469e-02
3.625000000000000000e+01,4.296385273675653108e-03
3.627083333333332860e+01,-7.112101740640687031e-04
3.629166666666666430e+01,7.834045106204716447e-03
3.631250000000000000e+01,1.385092648044609909e-02
3.633333333333332860e+01,6.144520061350850285e-03
3.635416666666666430e+01,1.370474546293160446e-03
3.637500000000000000e+01,9.168656654368740472e-03
3.639583333333332860e+01,1.369490570331680784e-02
3.641666666666666430e+01,4.672416028994067980e-03
3.643750000000000000e+01,-1.469460661079576404e-03
3.645833333333332860e+01,6.047957120940467349e-03
3.647916666666666430e+01,1.101963101547949984e-02
3.650000000000000000e+01,2.753256765143311489e-03
3.652083333333332860e+01,-2.388276416950680086e-03
3.654166666666666430e+01,6.674015664338073424e-03
3.656250000000000000e+01,1.362714277347974214e-02
3.658333333333332860e+01,7.600148564912918674e-03
3.660416666666666430e+01,4.870882566116546859e-03
3.662500000000000000e+01,1.430834065883212006e-02
3.664583333333332860e+01,2.043506776767679139e-02
3.666666666666666430e+01,1.364140341958917230e-02
3.668750000000000000e+01,1.012261724972577000e-02
3.670833333333332860e+01,1.877754604238962219e-02
3.672916666666666430e+01,2.398650117725661252e-02
3.675000000000000000e+01,1.645301433613376163e-02
3.677083333333332860e+01,1.254324747631304152e-02
3.679166666666666430e+01,1.923963679015779082e-02
3.681250000000000000e+01,2.126421050030193743e-02
3.683333333333332860e+01,1.050187313768421137e-02
3.685416666666666430e+01,3.230747326916391920e-03
3.687500000000000000e+01,1.043421084396382523e-02
3.689583333333332860e+01,1.545784221692989187e-02
3.691666666666666430e+01,7.601994414991266984e-03
3.693750000000000000e+01,-2.227286662702959111e-03
3.695833333333332860e+01,-1.315493759363382115e-03
3.697916666666666430e+01,-2.524418519292460656e-03
3.700000000000000000e+01,-1.399229626024818193e-02
3.702083333333332860e+01,-2.011194448134401985e-02
3.704166666666666430e+01,-1.288552647242856633e-02
3.706250000000000000e+01,-8.741046716319781848e-03
3.708333333333332860e+01,-1.740784991526008949e-02
3.710416666666666430e+01,-2.226338438501899650e-02
3.712500000000000000e+01,-1.285698502506208395e-02
3.714583333333332860e+01,-6.016334677599871963e-03
3.716666666666666430e+01,-1.198471242174070465e-02
3.718750000000000000e+01,-1.434251767012664942e-02
3.720833333333332860e+01,-4.570505289607952083e-03
3.722916666666666430e+01,1.085918580578703772e-03
3.725000000000000000e+01,-6.323378456522458883e-03
3.727083333333332860e+01,-1.064642749293088185e-02
3.729166666666666430e+01,-1.129347889304535557e-03
3.731250000000000000e+01,5.194529328965407679e-03
3.733333333333332860e+01,-2.053730824066013049e-03
3.735416666666666430e+01,-6.729575450033354993e-03
3.737500000000000000e+01,2.231050980555710026e-03
3.739583333333332860e+01,8.096728900956936745e-03
3.741666666666666430e+01,2.133082703015472346e-03
3.743750000000000000e+01,-1.749642688926168050e-04
3.745833333333332860e+01,1.115545646962133944e-02
3.747916666666666430e+01,1.983416560445145846e-02
3.750000000000000000e+01,1.509287978588530997e-02
3.752083333333332860e+01,1.288365965113936334e-02
3.754166666666666430e+01,2.219700575987945679e-02
3.756250000000000000e+01,2.723742178808557374e-02
3.758333333333332860e+01,1.869644624190052590e-02
3.760416666666666430e+01,1.250320887111448613e-02
3.762500000000000000e+01,2.005961458685399587e-02
3.764583333333332860e+01,2.493681903714969894e-02
3.766666666666666430e+01,1.622096112937784426e-02
3.768750000000000000e+01,9.770616961783903584e-03
3.770833333333332860e+01,1.696489431753586685e-02
3.772916666666666430e+01,2.145876885280656107e-02
3.775000000000000000e+01,1.236243493297149547e-02
3.777083333333332860e+01,5.578223382205736020e-03
3.779166666666666430e+01,1.254027855527564857e-02
3.781250000000000000e+01,1.675916087859541034e-02
3.783333333333332860e+01,7.413768107751455595e-03
3.785416666666666430e+01,5.074245289544254255e-04
3.787500000000000000e+01,7.318732945591814587e-03
3.789583333333332860e+01,1.125978297208556946e-02
3.791666666666666430e+01,1.662354546363788849e-03
3.793750000000000000e+01,-5.373523087522991300e-03
3.795833333333332860e+01,1.279648477895511558e-03
3.797916666666666430e+01,4.939576939040830547e-03
3.800000000000000000e+01,-4.913521929379996260e-03
3.802083333333332860e+01,-1.208726186800458159e-02
3.804166666666666430e+01,-5.600544463401482820e-03
3.806250000000000000e+01,-2.225807248298097146e-03
3.808333333333332860e+01,-7.862050231506668638e-03
3.810416666666666430e+01,-7.726561564544463107e-03
3.812500000000000000e+01,-1.722486151601281077e-03
3.814583333333332860e+01,-3.929167075905196961e-03
3.816666666666666430e+01,-2.911722752343815987e-03
3.818750000000000000e+01,5.021373232996474527e-03
3.820833333333332860e+01,5.572117160133690725e-03
3.822916666666666430e+01,-6.419354491470631065e-03
3.825000000000000000e+01,-1.421296085214465883e-02
3.827083333333332860e+01,-7.508533851188117780e-03
3.829166666666666430e+01,-2.909919895580539376e-03
3.831250000000000000e+01,-1.137739841190753970e-02
3.833333333333332860e+01,-1.610969118610820414e-02
3.835416666666666430e+01,-6.177541720602916682e-03
3.837500000000000000e+01,1.830927683784299353e-03
3.839583333333332860e+01,-3.181597508353311687e-03
3.841666666666666430e+01,-4.496857719259245850e-03
3.843750000000000000e+01,8.208124816907805960e-03
3.845833333333332860e+01,1.853019801509999884e-02
3.847916666666666430e+01,1.486609266813742128e-02
3.850000000000000000e+01,1.400864259761289317e-02
3.852083333333332860e+01,2.453079254074969420e-02
3.854166666666666430e+01,3.106390662337883690e-02
3.856250000000000000e+01,2.362424262870447406e-02
3.858333333333332860e+01,1.828074521658603138e-02
3.860416666666666430e+01,2.589972908093628179e-02
3.862500000000000000e+01,3.003113638166902966e-02
3.864583333333332860e+01,1.987768082103059247e-02
3.866666666666666430e+01,1.157241070924140171e-02
3.868750000000000000e+01,1.598830794354168944e-02
3.870833333333332860e+01,1.726797311128377629e-02
3.872916666666666430e+01,8.060362433880047944e-03
3.875000000000000000e+01,3.056952888874053722e-03
3.877083333333332860e+01,1.015906671975178206e-02
3.879166666666666430e+01,1.313332379724816909e-02
3.881250000000000000e+01,2.245818927241594824e-03
3.883333333333332860e+01,-6.319761653098786118e-03
3.885416666666666430e+01,-1.094506270675492735e-03
3.887500000000000000e+01,1.679047584972221405e-03
3.889583333333332860e+01,-6.906761256626722453e-03
3.891666666666666430e+01,-1.176476850979135333e-02
3.893750000000000000e+01,-2.916573406613335012e-03
3.895833333333332860e+01,3.514116384514243217e-03
3.897916666666666430e+01,-3.153196252922775642e-03
3.900000000000000000e+01,-6.131977439382864555e-03
3.902083333333332860e+01,4.738757800833993429e-03
3.904166666666666430e+01,1.326401590807803170e-02
3.906250000000000000e+01,8.347960312312921807e-03
3.908333333333332860e+01,6.593047152175414947e-03
3.910416666666666430e+01,1.829817869939009620e-02
3.912500000000000000e+01,2.744509240615534626e-02
3.914583333333332860e+01,2.278163243710384922e-02
3.916666666666666430e+01,2.089481793891422717e-02
3.918750000000000000e+01,2.307538565055592197e-02
3.920833333333332860e+01,1.652209959607869524e-02
3.922916666666666430e+01,1.264026669126384894e-02
3.925000000000000000e+01,2.017275858477274655e-02
3.927083333333332860e+01,2.334067468099959575e-02
3.929166666666666430e+01,1.292724854428603173e-02
3.931250000000000000e+01,4.855344501608116307e-03
3.933333333333332860e+01,1.029561870295780598e-02
3.935416666666666430e+01,1.271002352472152749e-02
3.937500000000000000e+01,1.262615318830763141e-03
3.939583333333332860e+01,-7.973920977197054838e-03
3.941666666666666430e+01,-4.075760832734194421e-03
3.943750000000000000e+01,-1.562365428394202078e-03
3.945833333333332860e+01,-1.155798576101554030e-02
3.947916666666666430e+01,-1.860295853316159750e-02
3.950000000000000000e+01,-1.136065594178380794e-02
3.952083333333332860e+01,-6.803613614970980411e-03
3.954166666666666430e+01,-1.566394721977180590e-02
3.956250000000000000e+01,-2.186454803518928999e-02
3.958333333333332860e+01,-1.426536555522831158e-02
3.960416666666666430e+01,-9.587750839921083124e-03
3.962500000000000000e+01,-1.772717541675566597e-02
3.964583333333332860e+01,-2.270626302194645937e-02
3.966666666666666430e+01,-1.394810459555300905e-02
3.968750000000000000e+01,-8.178149191395697043e-03
3.970833333333332860e+01,-3.123639334802078091e-03
3.972916666666666430e+01,7.795372046121897165e-03
3.975000000000000000e+01,1.178722041909217345e-02
3.977083333333332860e+01,2.645267833422116233e-03
3.979166666666666430e+01,-3.711177055847939953e-03
3.981250000000000000e+01,2.783550039050117393e-03
3.983333333333332860e+01,6.271133847763040239e-03
3.985416666666666430e+01,1.188725940798990646e-02
3.987500000000000000e+01,1.893407213237211992e-02
3.989583333333332860e+01,1.499451936045400127e-02
3.991666666666666430e+01,1.302695657369678725e-02
3.993750000000000000e+01,2.430852843348793937e-02
3.995833333333332860e+01,3.206051517622961894e-02
3.997916666666666430e+01,2.582367447729295995e-02
