0.000000000000000000e+00,1.025514584053025813e-01
2.083333333333333218e-02,1.036307168865463341e-01
4.166666666666666435e-02,9.942604251685370487e-02
6.250000000000000000e-02,9.095033783356189228e-02
8.333333333333332871e-02,7.971006140082236013e-02
1.041666666666666574e-01,6.677068328021204535e-02
1.250000000000000000e-01,5.278533264483112331e-02
1.458333333333333148e-01,3.815423461888495238e-02
1.666666666666666574e-01,2.312258662798691300e-02
1.875000000000000000e-01,7.840588636595730021e-03
2.083333333333333148e-01,-7.599759270783990051e-03
2.291666666666666574e-01,-2.314210829736007557e-02
2.500000000000000000e-01,-3.875194665918427206e-02
2.708333333333333148e-01,-5.440813743975375649e-02
2.916666666666666297e-01,-7.009773538753483191e-02
3.125000000000000000e-01,-8.581281227675341405e-02
3.333333333333333148e-01,-1.015485125451657811e-01
3.541666666666666297e-01,-1.173018624592274683e-01
3.750000000000000000e-01,-1.330710407901563586e-01
3.958333333333333148e-01,-1.488549321448929263e-01
4.166666666666666297e-01,-1.646528534084809037e-01
4.375000000000000000e-01,-1.804643862073274097e-01
4.583333333333333148e-01,-1.962892743038531229e-01
4.791666666666666297e-01,-2.121273607575409614e-01
5.000000000000000000e-01,-2.279785494403374080e-01
5.208333333333332593e-01,-2.438397690748705382e-01
5.416666666666666297e-01,-2.597071318801927875e-01
5.625000000000000000e-01,-2.755782568925815301e-01
5.833333333333332593e-01,-2.914516859586329112e-01
6.041666666666666297e-01,-3.073265260745315364e-01
6.250000000000000000e-01,-3.232022303462188106e-01
6.458333333333332593e-01,-3.390784638445279442e-01
6.666666666666666297e-01,-3.549550214519871516e-01
6.875000000000000000e-01,-3.708317775504754166e-01
7.083333333333332593e-01,-3.867086552088999096e-01
7.291666666666666297e-01,-4.025856073130960611e-01
7.500000000000000000e-01,-4.184626050093935290e-01
7.708333333333332593e-01,-4.343396306272184204e-01
7.916666666666666297e-01,-4.502166733447530711e-01
8.125000000000000000e-01,-4.660937265344965996e-01
8.333333333333332593e-01,-4.819707861376333891e-01
8.541666666666666297e-01,-4.978478496684623500e-01
8.750000000000000000e-01,-5.137249156046896914e-01
8.958333333333332593e-01,-5.296019830140312745e-01
9.166666666666666297e-01,-5.454790513255383111e-01
9.375000000000000000e-01,-5.613561201895498343e-01
9.583333333333332593e-01,-5.772331893919260271e-01
9.791666666666666297e-01,-5.931102588015237931e-01
1.000000000000000000e+00,-6.089873283380280444e-01
1.020833333333333259e+00,-6.248643979522525704e-01
1.041666666666666519e+00,-6.407414676140748000e-01
1.062500000000000000e+00,-6.566185373050463792e-01
1.083333333333333259e+00,-6.724956070138699005e-01
1.104166666666666519e+00,-6.883726767336262320e-01
1.125000000000000000e+00,-7.042497464600778745e-01
1.145833333333333259e+00,-7.201268161906302367e-01
1.166666666666666519e+00,-7.360038859236934794e-01
1.187500000000000000e+00,-7.518809556582948250e-01
1.208333333333333259e+00,-7.677580253938380839e-01
1.229166666666666519e+00,-7.836350951299582146e-01
1.250000000000000000e+00,-7.995121648664313962e-01
1.270833333333333259e+00,-8.153892346031208493e-01
1.291666666666666519e+00,-8.312663043399428631e-01
1.312500000000000000e+00,-8.471433740768461451e-01
1.333333333333333259e+00,-8.630204438137989431e-01
1.354166666666666519e+00,-8.788975135507821612e-01
1.375000000000000000e+00,-8.947745832877842531e-01
1.395833333333333259e+00,-9.106516530247976693e-01
1.416666666666666519e+00,-9.265287227618179688e-01
1.437500000000000000e+00,-9.424057924988427093e-01
1.458333333333333259e+00,-9.582828622358701143e-01
1.479166666666666519e+00,-9.741599319728990736e-01
1.500000000000000000e+00,-9.900370017099289210e-01
1.520833333333333259e+00,-1.005914071446959213e+00
1.541666666666666519e+00,-1.021791141183990170e+00
1.562500000000000000e+00,-1.037668210921021572e+00
1.583333333333333259e+00,-1.053545280658052974e+00
1.604166666666666519e+00,-1.069422350395084376e+00
1.625000000000000000e+00,-1.085299420132115777e+00
1.645833333333333259e+00,-1.101176489869147179e+00
1.666666666666666519e+00,-1.117053559606178581e+00
1.687500000000000000e+00,-1.132930629343209983e+00
1.708333333333333259e+00,-1.148807699080241385e+00
1.729166666666666519e+00,-1.164684768817272786e+00
1.750000000000000000e+00,-1.180561838554304188e+00
1.770833333333333259e+00,-1.196438908291335590e+00
1.791666666666666519e+00,-1.212315978028366992e+00
1.812500000000000000e+00,-1.228044645373331578e+00
1.833333333333333259e+00,-1.243394035248607921e+00
1.854166666666666519e+00,-1.258199914993278767e+00
1.875000000000000000e+00,-1.272371269964110319e+00
1.895833333333333259e+00,-1.285864332024199141e+00
1.916666666666666519e+00,-1.298665522976699460e+00
1.937500000000000000e+00,-1.310780270081931764e+00
1.958333333333333259e+00,-1.322225687625938839e+00
1.979166666666666519e+00,-1.333025802730768872e+00
2.000000000000000000e+00,-1.343208454705410615e+00
2.020833333333333037e+00,-1.352803294491471409e+00
2.041666666666666519e+00,-1.361840506574842236e+00
2.062500000000000000e+00,-1.370350004712048708e+00
2.083333333333333037e+00,-1.378360937769342875e+00
2.104166666666666519e+00,-1.385901397924285350e+00
2.125000000000000000e+00,-1.392998260333438099e+00
2.145833333333333037e+00,-1.399677107645399321e+00
2.166666666666666519e+00,-1.405962208729005347e+00
2.187500000000000000e+00,-1.411876531519449252e+00
2.208333333333333037e+00,-1.417441776822395250e+00
2.229166666666666519e+00,-1.422678424484441040e+00
2.250000000000000000e+00,-1.427605786345481187e+00
2.270833333333333037e+00,-1.432242062367008684e+00
2.291666666666666519e+00,-1.436604397630928842e+00
2.312500000000000000e+00,-1.440708938757257807e+00
2.333333333333333037e+00,-1.444570888848469181e+00
2.354166666666666519e+00,-1.448204560433701715e+00
2.375000000000000000e+00,-1.451623426123756611e+00
2.395833333333333037e+00,-1.454840166841435023e+00
2.416666666666666519e+00,-1.457866717590088346e+00
2.437500000000000000e+00,-1.460714310785242498e+00
2.458333333333333037e+00,-1.463393517212331352e+00
2.479166666666666519e+00,-1.465914284696158587e+00
2.500000000000000000e+00,-1.468285974580165965e+00
2.520833333333333037e+00,-1.470517396119470854e+00
2.541666666666666519e+00,-1.472616838893304969e+00
2.562500000000000000e+00,-1.474592103341519689e+00
2.583333333333333037e+00,-1.476450529527184807e+00
2.604166666666666519e+00,-1.478199024223715297e+00
2.625000000000000000e+00,-1.479844086420804228e+00
2.645833333333333037e+00,-1.481391831339041953e+00
2.666666666666666519e+00,-1.482848013038601698e+00
2.687500000000000000e+00,-1.484218045702919264e+00
2.708333333333333037e+00,-1.485507023673944271e+00
2.729166666666666519e+00,-1.486719740311330584e+00
2.750000000000000000e+00,-1.487860705743906831e+00
2.770833333333333037e+00,-1.488934163577912750e+00
2.791666666666666519e+00,-1.489944106622832498e+00
2.812500000000000000e+00,-1.490894291692181461e+00
2.833333333333333037e+00,-1.491788253533308239e+00
2.854166666666666519e+00,-1.492629317937168798e+00
2.875000000000000000e+00,-1.493420614076085950e+00
2.895833333333333037e+00,-1.494165086114726870e+00
2.916666666666666519e+00,-1.494865504136916101e+00
2.937500000000000000e+00,-1.495524474428414408e+00
2.958333333333333037e+00,-1.496144449153481659e+00
2.979166666666666519e+00,-1.496727735460815500e+00
3.000000000000000000e+00,-1.497276504052403867e+00
3.020833333333333037e+00,-1.497792797246858321e+00
3.041666666666666519e+00,-1.498278536566963082e+00
3.062500000000000000e+00,-1.498735529879426709e+00
3.083333333333333037e+00,-1.499165478113195338e+00
3.104166666666666519e+00,-1.499559922634237319e+00
3.125000000000000000e+00,-1.499922428864534973e+00
3.145833333333333037e+00,-1.500265341976186440e+00
3.166666666666666519e+00,-1.500596235306691950e+00
3.187500000000000000e+00,-1.502128679017156632e+00
3.208333333333333037e+00,-1.505202353541563731e+00
3.229166666666666519e+00,-1.509208958589966842e+00
3.250000000000000000e+00,-1.513776847443192297e+00
3.270833333333333037e+00,-1.518637346361056961e+00
3.291666666666666519e+00,-1.523589477712081086e+00
3.312500000000000000e+00,-1.528487453527330731e+00
3.333333333333333037e+00,-1.533213044171033212e+00
3.354166666666666519e+00,-1.537697693020933620e+00
3.375000000000000000e+00,-1.541898690987862919e+00
3.395833333333333037e+00,-1.545802807955437341e+00
3.416666666666666519e+00,-1.549414006041488046e+00
3.437500000000000000e+00,-1.552740484170900048e+00
3.458333333333333037e+00,-1.555806082764314313e+00
3.479166666666666519e+00,-1.558638022697493408e+00
3.500000000000000000e+00,-1.561261759327534859e+00
3.520833333333333037e+00,-1.563702898265348917e+00
3.541666666666666519e+00,-1.565988155659335579e+00
3.562500000000000000e+00,-1.568141404036886843e+00
3.583333333333333037e+00,-1.570181252558280560e+00
3.604166666666666519e+00,-1.572122908102756567e+00
3.625000000000000000e+00,-1.573979326898496511e+00
3.645833333333333037e+00,-1.575757341567922021e+00
3.666666666666666519e+00,-1.577462419386789660e+00
3.687500000000000000e+00,-1.579102425628398754e+00
3.708333333333333037e+00,-1.580680696737918778e+00
3.729166666666666519e+00,-1.582193713359912435e+00
3.750000000000000000e+00,-1.583638182316947862e+00
3.770833333333333037e+00,-1.585013274021134455e+00
3.791666666666666519e+00,-1.586315726102957457e+00
3.812500000000000000e+00,-1.587542974690874686e+00
3.833333333333333037e+00,-1.588697278658873779e+00
3.854166666666666519e+00,-1.589781190181730475e+00
3.875000000000000000e+00,-1.590791669124695717e+00
3.895833333333333037e+00,-1.591736323286121468e+00
3.916666666666666519e+00,-1.592619265898129965e+00
3.937500000000000000e+00,-1.593444767798321449e+00
3.958333333333333037e+00,-1.594223499374369357e+00
3.979166666666666519e+00,-1.594958326462173170e+00
4.000000000000000000e+00,-1.595650839218334616e+00
4.020833333333333037e+00,-1.596306581104078415e+00
4.041666666666666075e+00,-1.596929159919857399e+00
4.062500000000000000e+00,-1.597518182946563225e+00
4.083333333333333037e+00,-1.598072570509511126e+00
4.104166666666666075e+00,-1.598595393577298740e+00
4.125000000000000000e+00,-1.599086125264412406e+00
4.145833333333333037e+00,-1.599548256867468599e+00
4.166666666666666075e+00,-1.599983770609172185e+00
4.187500000000000000e+00,-1.600396320934577732e+00
4.208333333333333037e+00,-1.600788614819604661e+00
4.229166666666666075e+00,-1.601160449782506934e+00
4.250000000000000000e+00,-1.601511039927620450e+00
4.270833333333333037e+00,-1.601840820448989566e+00
4.291666666666666075e+00,-1.602150855751103276e+00
4.312500000000000000e+00,-1.602442572275247112e+00
4.333333333333333037e+00,-1.602716309327703925e+00
4.354166666666666075e+00,-1.602970969861444939e+00
4.375000000000000000e+00,-1.603207568574915864e+00
4.395833333333333037e+00,-1.603429293889154117e+00
4.416666666666666075e+00,-1.603635669512968986e+00
4.437500000000000000e+00,-1.603827099988599070e+00
4.458333333333333037e+00,-1.604004660479903865e+00
4.479166666666666075e+00,-1.604173371196863318e+00
4.500000000000000000e+00,-1.604335742076773208e+00
4.520833333333333037e+00,-1.604490257664109576e+00
4.541666666666666075e+00,-1.604635596643291917e+00
4.562500000000000000e+00,-1.604773472620507402e+00
4.583333333333333037e+00,-1.604902533946278353e+00
4.604166666666666075e+00,-1.605022818925423644e+00
4.625000000000000000e+00,-1.605136971230148868e+00
4.645833333333333037e+00,-1.605245608346314024e+00
4.666666666666666075e+00,-1.605348897979126166e+00
4.687500000000000000e+00,-1.605447153421452944e+00
4.708333333333333037e+00,-1.605540114450729527e+00
4.729166666666666075e+00,-1.605627532351123099e+00
4.750000000000000000e+00,-1.605709785673789636e+00
4.770833333333333037e+00,-1.605787249640920011e+00
4.791666666666666075e+00,-1.605859641795257531e+00
4.812500000000000000e+00,-1.605926426731605350e+00
4.833333333333333037e+00,-1.605986190076500231e+00
4.854166666666666075e+00,-1.606041685585885226e+00
4.875000000000000000e+00,-1.606094386758416537e+00
4.895833333333333037e+00,-1.606143874202302424e+00
4.916666666666666075e+00,-1.606191170272603497e+00
4.937500000000000000e+00,-1.606236753651522520e+00
4.958333333333333037e+00,-1.606279788743667281e+00
4.979166666666666075e+00,-1.606319890602705636e+00
5.000000000000000000e+00,-1.606357815515436327e+00
5.020833333333333037e+00,-1.606391936957311195e+00
5.041666666666666075e+00,-1.606422783799307918e+00
5.062500000000000000e+00,-1.606452090258897680e+00
5.083333333333333037e+00,-1.606480297171927862e+00
5.104166666666666075e+00,-1.606506903126768249e+00
5.125000000000000000e+00,-1.606531213729752494e+00
5.145833333333333037e+00,-1.606553904533130295e+00
5.166666666666666075e+00,-1.606574793381753574e+00
5.187500000000000000e+00,-1.606593259390745265e+00
5.208333333333333037e+00,-1.606609659116772226e+00
5.229166666666666075e+00,-1.606625347697365092e+00
5.250000000000000000e+00,-1.606640872654804042e+00
5.270833333333333037e+00,-1.606654810365988562e+00
5.291666666666666075e+00,-1.606667379783753402e+00
5.312500000000000000e+00,-1.606679560260465101e+00
5.333333333333333037e+00,-1.606691547364744288e+00
5.354166666666666075e+00,-1.606700920171132418e+00
5.375000000000000000e+00,-1.606708787671685013e+00
5.395833333333333037e+00,-1.606715063031257662e+00
5.416666666666666075e+00,-1.606720936056186266e+00
5.437500000000000000e+00,-1.606727568814108054e+00
5.458333333333333037e+00,-1.606733903593381196e+00
5.479166666666666075e+00,-1.606740065498357684e+00
5.500000000000000000e+00,-1.606744670128866792e+00
5.520833333333333037e+00,-1.606748322783716265e+00
5.541666666666666075e+00,-1.606751270501257434e+00
5.562500000000000000e+00,-1.606752511230171487e+00
5.583333333333333037e+00,-1.606748093099964025e+00
5.604166666666666075e+00,-1.606742796106479076e+00
5.625000000000000000e+00,-1.606740218665084097e+00
5.645833333333333037e+00,-1.606739888504050917e+00
5.666666666666666075e+00,-1.606740850483350913e+00
5.687500000000000000e+00,-1.606742490318987526e+00
5.708333333333333037e+00,-1.606743986547318981e+00
5.729166666666666075e+00,-1.606744176584950390e+00
5.750000000000000000e+00,-1.606741872505235147e+00
5.770833333333333037e+00,-1.606739161817227535e+00
5.791666666666666075e+00,-1.606736407590959148e+00
5.812500000000000000e+00,-1.606734327738431611e+00
5.833333333333333037e+00,-1.606733372408787774e+00
5.854166666666666075e+00,-1.606733138299037300e+00
5.875000000000000000e+00,-1.606732697192972958e+00
5.895833333333333037e+00,-1.606729970921525252e+00
5.916666666666666075e+00,-1.606726136153530993e+00
5.937500000000000000e+00,-1.606722935827081145e+00
5.958333333333333037e+00,-1.606719697685460968e+00
5.979166666666666075e+00,-1.606716884472612739e+00
6.000000000000000000e+00,-1.606713034578772792e+00
6.020833333333333037e+00,-1.606708831765455647e+00
6.041666666666666075e+00,-1.606704955913148547e+00
6.062500000000000000e+00,-1.606701898026453357e+00
6.083333333333333037e+00,-1.606692264242854051e+00
6.104166666666666075e+00,-1.606681051076684907e+00
6.125000000000000000e+00,-1.606672682087431081e+00
6.145833333333333037e+00,-1.606666786069499864e+00
6.166666666666666075e+00,-1.606663102701289869e+00
6.187500000000000000e+00,-1.606660915658772115e+00
6.208333333333333037e+00,-1.606657761488551772e+00
6.229166666666666075e+00,-1.606654571241921792e+00
6.250000000000000000e+00,-1.606651487594869199e+00
6.270833333333333037e+00,-1.606648637702179805e+00
6.291666666666666075e+00,-1.606645694892997023e+00
6.312500000000000000e+00,-1.606641168964136002e+00
6.333333333333333037e+00,-1.606634298357229929e+00
6.354166666666666075e+00,-1.606627421971047243e+00
6.375000000000000000e+00,-1.606621392574687723e+00
6.395833333333333037e+00,-1.606616713985317579e+00
6.416666666666666075e+00,-1.606613640180602820e+00
6.437500000000000000e+00,-1.606611365452681461e+00
6.458333333333333037e+00,-1.606608699935138551e+00
6.479166666666666075e+00,-1.606605972270373162e+00
6.500000000000000000e+00,-1.606595455578656129e+00
6.520833333333333037e+00,-1.606582601060090987e+00
6.541666666666666075e+00,-1.606572459026673227e+00
6.562500000000000000e+00,-1.606565018286745028e+00
6.583333333333333037e+00,-1.606558429221583983e+00
6.604166666666666075e+00,-1.606552906236690559e+00
6.625000000000000000e+00,-1.606544993644803743e+00
6.645833333333333037e+00,-1.606537362027107729e+00
6.666666666666666075e+00,-1.606532577685316099e+00
6.687500000000000000e+00,-1.606529586428876666e+00
6.708333333333333037e+00,-1.606527455862204468e+00
6.729166666666666075e+00,-1.606525200391003105e+00
6.750000000000000000e+00,-1.606515308186777347e+00
6.770833333333333037e+00,-1.606503325130835824e+00
6.791666666666666075e+00,-1.606493088597559682e+00
6.812500000000000000e+00,-1.606484715491760751e+00
6.833333333333333037e+00,-1.606478420212958280e+00
6.854166666666666075e+00,-1.606473093879891900e+00
6.875000000000000000e+00,-1.606469257886782742e+00
6.895833333333333037e+00,-1.606466446581749974e+00
6.916666666666666075e+00,-1.606463884709524947e+00
6.937500000000000000e+00,-1.606461865256674670e+00
6.958333333333333037e+00,-1.606456486462769506e+00
6.979166666666666075e+00,-1.606450294411633006e+00
7.000000000000000000e+00,-1.606446053811156904e+00
7.020833333333333037e+00,-1.606442561254578960e+00
7.041666666666666075e+00,-1.606437383582779432e+00
7.062500000000000000e+00,-1.606432219829128316e+00
7.083333333333333037e+00,-1.606426879682604891e+00
7.104166666666666075e+00,-1.606420752610086433e+00
7.125000000000000000e+00,-1.606414661074320849e+00
7.145833333333333037e+00,-1.606409474657195302e+00
7.166666666666666075e+00,-1.606401593616401113e+00
7.187500000000000000e+00,-1.606391295735348557e+00
7.208333333333333037e+00,-1.606379118884016410e+00
7.229166666666666075e+00,-1.606367844329589900e+00
7.250000000000000000e+00,-1.606358926041867585e+00
7.270833333333333037e+00,-1.606350548097286834e+00
7.291666666666666075e+00,-1.606342599492774470e+00
7.312500000000000000e+00,-1.606336689897354342e+00
7.333333333333333037e+00,-1.606332449355016179e+00
7.354166666666666075e+00,-1.606328060095297383e+00
7.375000000000000000e+00,-1.606322408161127813e+00
7.395833333333333037e+00,-1.606316402315769665e+00
7.416666666666666075e+00,-1.606312336003992813e+00
7.437500000000000000e+00,-1.606310328866076054e+00
7.458333333333333037e+00,-1.606309849880668716e+00
7.479166666666666075e+00,-1.606310918927268849e+00
7.500000000000000000e+00,-1.606313233664453888e+00
7.520833333333333037e+00,-1.606316159682728673e+00
7.541666666666666075e+00,-1.606318009946458680e+00
7.562500000000000000e+00,-1.606317751872704758e+00
7.583333333333333037e+00,-1.606315952164672600e+00
7.604166666666666075e+00,-1.606313682030096723e+00
7.625000000000000000e+00,-1.606308440474784716e+00
7.645833333333333037e+00,-1.606299748027201879e+00
7.666666666666666075e+00,-1.606289396917848666e+00
7.687500000000000000e+00,-1.606279398656113910e+00
7.708333333333333037e+00,-1.606268336232161253e+00
7.729166666666666075e+00,-1.606255833292817403e+00
7.750000000000000000e+00,-1.606243856120773916e+00
7.770833333333333037e+00,-1.606234741588138393e+00
7.791666666666666075e+00,-1.606229261234296990e+00
7.812500000000000000e+00,-1.606224037864214083e+00
7.833333333333333037e+00,-1.606219157835065969e+00
7.854166666666666075e+00,-1.606214106815894826e+00
7.875000000000000000e+00,-1.606210023410161725e+00
7.895833333333333037e+00,-1.606207925632277433e+00
7.916666666666666075e+00,-1.606205451369360437e+00
7.937500000000000000e+00,-1.606202953313988102e+00
7.958333333333333037e+00,-1.606200312934901842e+00
7.979166666666666075e+00,-1.606197326706240158e+00
8.000000000000000000e+00,-1.606193493777217540e+00
8.020833333333332149e+00,-1.606186394564256270e+00
8.041666666666666075e+00,-1.606177981743745375e+00
8.062500000000000000e+00,-1.606170312421242752e+00
8.083333333333332149e+00,-1.606162844451629379e+00
8.104166666666666075e+00,-1.606156429894752602e+00
8.125000000000000000e+00,-1.606144329868610221e+00
8.145833333333332149e+00,-1.606130914094602513e+00
8.166666666666666075e+00,-1.606120599183003206e+00
8.187500000000000000e+00,-1.606112875724863942e+00
8.208333333333332149e+00,-1.606105591477074102e+00
8.229166666666666075e+00,-1.606099119316003687e+00
8.250000000000000000e+00,-1.606090182180850423e+00
8.270833333333332149e+00,-1.606082242297638407e+00
8.291666666666666075e+00,-1.606078395889390942e+00
8.312500000000000000e+00,-1.606077105855140408e+00
8.333333333333332149e+00,-1.606076771781265622e+00
8.354166666666666075e+00,-1.606075866091808191e+00
8.375000000000000000e+00,-1.606068843619150366e+00
8.395833333333332149e+00,-1.606060107163945760e+00
8.416666666666666075e+00,-1.606052212200303586e+00
8.437500000000000000e+00,-1.606045626732023557e+00
8.458333333333332149e+00,-1.606038530083376159e+00
8.479166666666666075e+00,-1.606031876469351527e+00
8.500000000000000000e+00,-1.606027310857998991e+00
8.520833333333332149e+00,-1.606024409654586815e+00
8.541666666666666075e+00,-1.606022373212529164e+00
8.562500000000000000e+00,-1.606021421679394656e+00
8.583333333333332149e+00,-1.606021484910148178e+00
8.604166666666666075e+00,-1.606021976723629230e+00
8.625000000000000000e+00,-1.606017305348039770e+00
8.645833333333332149e+00,-1.606011156045206167e+00
8.666666666666666075e+00,-1.606005474668270150e+00
8.687500000000000000e+00,-1.606000923435781269e+00
8.708333333333332149e+00,-1.605998071733355292e+00
8.729166666666666075e+00,-1.605995551425322576e+00
8.750000000000000000e+00,-1.605993222142964916e+00
8.770833333333332149e+00,-1.605991537972948358e+00
8.791666666666666075e+00,-1.605989557471845908e+00
8.812500000000000000e+00,-1.605985611315762451e+00
8.833333333333332149e+00,-1.605977681901706422e+00
8.854166666666666075e+00,-1.605969141312926451e+00
8.875000000000000000e+00,-1.605960319420884685e+00
8.895833333333332149e+00,-1.605951106312389909e+00
8.916666666666666075e+00,-1.605943543000104112e+00
8.937500000000000000e+00,-1.605938791361154472e+00
8.958333333333332149e+00,-1.605935986063415477e+00
8.979166666666666075e+00,-1.605933145377312687e+00
9.000000000000000000e+00,-1.605927275545851129e+00
9.020833333333332149e+00,-1.605921372048070728e+00
9.041666666666666075e+00,-1.605916731553475696e+00
9.062500000000000000e+00,-1.605912668625180784e+00
9.083333333333332149e+00,-1.605909064552432985e+00
9.104166666666666075e+00,-1.605904550045955226e+00
9.125000000000000000e+00,-1.605900441592302608e+00
9.145833333333332149e+00,-1.605896322943803023e+00
9.166666666666666075e+00,-1.605892669346540069e+00
9.187500000000000000e+00,-1.605890525264065838e+00
9.208333333333332149e+00,-1.605888487177123514e+00
9.229166666666666075e+00,-1.605886037414184564e+00
9.250000000000000000e+00,-1.605883280614870179e+00
9.270833333333332149e+00,-1.605879108920748477e+00
9.291666666666666075e+00,-1.605875218654922554e+00
9.312500000000000000e+00,-1.605872339085213207e+00
9.333333333333332149e+00,-1.605869760690804560e+00
9.354166666666666075e+00,-1.605867631912383908e+00
9.375000000000000000e+00,-1.605866215946184949e+00
9.395833333333332149e+00,-1.605865246360130172e+00
9.416666666666666075e+00,-1.605864092715661107e+00
9.437500000000000000e+00,-1.605862531182943753e+00
9.458333333333332149e+00,-1.605860870198910328e+00
9.479166666666666075e+00,-1.605859326961287081e+00
9.500000000000000000e+00,-1.605857877190012273e+00
9.520833333333332149e+00,-1.605854379548193656e+00
9.541666666666666075e+00,-1.605849523588031458e+00
9.562500000000000000e+00,-1.605844954926870072e+00
9.583333333333332149e+00,-1.605839901135122316e+00
9.604166666666666075e+00,-1.605834552774648261e+00
9.625000000000000000e+00,-1.605829170766512881e+00
9.645833333333332149e+00,-1.605824275359217568e+00
9.666666666666666075e+00,-1.605820520754209779e+00
9.687500000000000000e+00,-1.605817522919596119e+00
9.708333333333332149e+00,-1.605814447777778708e+00
9.729166666666666075e+00,-1.605810725101739722e+00
9.750000000000000000e+00,-1.605804562684697068e+00
9.770833333333332149e+00,-1.605798160424106058e+00
9.791666666666666075e+00,-1.605792174021011043e+00
9.812500000000000000e+00,-1.605785680144190541e+00
9.833333333333332149e+00,-1.605779130356637774e+00
9.854166666666666075e+00,-1.605773489584286784e+00
9.875000000000000000e+00,-1.605767985816417998e+00
9.895833333333332149e+00,-1.605761257522255736e+00
9.916666666666666075e+00,-1.605753311940609329e+00
9.937500000000000000e+00,-1.605743583703178601e+00
9.958333333333332149e+00,-1.605734250595036272e+00
9.979166666666666075e+00,-1.605724855917644467e+00
1.000000000000000000e+01,-1.605715523092076769e+00
1.002083333333333215e+01,-1.605708131880936085e+00
1.004166666666666607e+01,-1.605703046571628878e+00
1.006250000000000000e+01,-1.605698786377839804e+00
1.008333333333333215e+01,-1.605694163536540708e+00
1.010416666666666607e+01,-1.605689203565062284e+00
1.012500000000000000e+01,-1.605685184058568193e+00
1.014583333333333215e+01,-1.605681592430823867e+00
1.016666666666666607e+01,-1.605676235746792635e+00
1.018750000000000000e+01,-1.605669579142630310e+00
1.020833333333333215e+01,-1.605664213517181471e+00
1.022916666666666607e+01,-1.605660153764062681e+00
1.025000000000000000e+01,-1.605656722690681271e+00
1.027083333333333215e+01,-1.605654464682846116e+00
1.029166666666666607e+01,-1.605653355247357306e+00
1.031250000000000000e+01,-1.605652439281736399e+00
1.033333333333333215e+01,-1.605651381715452075e+00
1.035416666666666607e+01,-1.605649148443539120e+00
1.037500000000000000e+01,-1.605646446350647460e+00
1.039583333333333215e+01,-1.605643936064419686e+00
1.041666666666666607e+01,-1.605641811366474991e+00
1.043750000000000000e+01,-1.605640060258835211e+00
1.045833333333333215e+01,-1.605637686329555391e+00
1.047916666666666607e+01,-1.605634279875814974e+00
1.050000000000000000e+01,-1.605630627264071464e+00
1.052083333333333215e+01,-1.605624215312699832e+00
1.054166666666666607e+01,-1.605615173167346921e+00
1.056250000000000000e+01,-1.605602695417049697e+00
1.058333333333333215e+01,-1.605588922502043880e+00
1.060416666666666607e+01,-1.605576994681487069e+00
1.062500000000000000e+01,-1.605566623122969716e+00
1.064583333333333215e+01,-1.605558888725276301e+00
1.066666666666666607e+01,-1.605551678350658262e+00
1.068750000000000000e+01,-1.605545825160450857e+00
1.070833333333333215e+01,-1.605541980391431700e+00
1.072916666666666607e+01,-1.605539885006750156e+00
1.075000000000000000e+01,-1.605538662381070791e+00
1.077083333333333215e+01,-1.605537910021077375e+00
1.079166666666666607e+01,-1.605536786329268661e+00
1.081250000000000000e+01,-1.605534664306103032e+00
1.083333333333333215e+01,-1.605529798330158631e+00
1.085416666666666607e+01,-1.605524692760281980e+00
1.087500000000000000e+01,-1.605518542351746181e+00
1.089583333333333215e+01,-1.605513079529060416e+00
1.091666666666666607e+01,-1.605506944219801335e+00
1.093750000000000000e+01,-1.605503405110707771e+00
1.095833333333333215e+01,-1.605505919573051443e+00
1.097916666666666607e+01,-1.605514789847834800e+00
1.100000000000000000e+01,-1.605531159470861891e+00
1.102083333333333215e+01,-1.605555181742227555e+00
1.104166666666666607e+01,-1.605582586273254231e+00
1.106250000000000000e+01,-1.605610759853816072e+00
1.108333333333333215e+01,-1.605638707388951536e+00
1.110416666666666607e+01,-1.605666326355106532e+00
1.112500000000000000e+01,-1.605694154624620618e+00
1.114583333333333215e+01,-1.605718892744324444e+00
1.116666666666666607e+01,-1.605735179733360551e+00
1.118750000000000000e+01,-1.605740543077552207e+00
1.120833333333333215e+01,-1.605734259741016690e+00
1.122916666666666607e+01,-1.605718669010891109e+00
1.125000000000000000e+01,-1.605688670758683489e+00
1.127083333333333215e+01,-1.605648005287877433e+00
1.129166666666666607e+01,-1.605601998708882983e+00
1.131250000000000000e+01,-1.605550743613867404e+00
1.133333333333333215e+01,-1.605490300879709453e+00
1.135416666666666607e+01,-1.605419468311151565e+00
1.137500000000000000e+01,-1.605345344207324443e+00
1.139583333333333215e+01,-1.605271793571473538e+00
1.141666666666666607e+01,-1.605197818919808839e+00
1.143750000000000000e+01,-1.605126696976010958e+00
1.145833333333333215e+01,-1.605060704908824576e+00
1.147916666666666607e+01,-1.605003682099716888e+00
1.150000000000000000e+01,-1.604956952090404121e+00
1.152083333333333215e+01,-1.604921455848463685e+00
1.154166666666666607e+01,-1.604900290880084235e+00
1.156250000000000000e+01,-1.604893022462243524e+00
1.158333333333333215e+01,-1.604889844598504478e+00
1.160416666666666607e+01,-1.604891189810745411e+00
1.162500000000000000e+01,-1.604898390852665724e+00
1.164583333333333215e+01,-1.604911060916639265e+00
1.166666666666666607e+01,-1.604926156310432228e+00
1.168750000000000000e+01,-1.604942861804185439e+00
1.170833333333333215e+01,-1.604961065177040958e+00
1.172916666666666607e+01,-1.604976971124671969e+00
1.175000000000000000e+01,-1.604990679027418654e+00
1.177083333333333215e+01,-1.604999841101120150e+00
1.179166666666666607e+01,-1.605007461302231153e+00
1.181250000000000000e+01,-1.605012210074352019e+00
1.183333333333333215e+01,-1.605017095303602037e+00
1.185416666666666607e+01,-1.605022393648956935e+00
1.187500000000000000e+01,-1.605028790711612086e+00
1.189583333333333215e+01,-1.605038061020904294e+00
1.191666666666666607e+01,-1.605046240566870175e+00
1.193750000000000000e+01,-1.605054740370211785e+00
1.195833333333333215e+01,-1.605064730286462460e+00
1.197916666666666607e+01,-1.605075351382883708e+00
1.200000000000000000e+01,-1.605082569034396611e+00
1.202083333333333215e+01,-1.605088474969430745e+00
1.204166666666666607e+01,-1.605093755091657748e+00
1.206250000000000000e+01,-1.605099469812429458e+00
1.208333333333333215e+01,-1.605105889354234039e+00
1.210416666666666607e+01,-1.605111580971465557e+00
1.212500000000000000e+01,-1.605114914283161776e+00
1.214583333333333215e+01,-1.605117057788348012e+00
1.216666666666666607e+01,-1.605116883814657225e+00
1.218750000000000000e+01,-1.605114752522374788e+00
1.220833333333333215e+01,-1.605111855930293707e+00
1.222916666666666607e+01,-1.605107130630758494e+00
1.225000000000000000e+01,-1.605101212103494213e+00
1.227083333333333215e+01,-1.605094224207564091e+00
1.229166666666666607e+01,-1.605087662951524274e+00
1.231250000000000000e+01,-1.605081498883645041e+00
1.233333333333333215e+01,-1.605076039512141728e+00
1.235416666666666607e+01,-1.605072950883533744e+00
1.237500000000000000e+01,-1.605073227067861819e+00
1.239583333333333215e+01,-1.605075863853793861e+00
1.241666666666666607e+01,-1.605079521687745592e+00
1.243750000000000000e+01,-1.605084208837551207e+00
1.245833333333333215e+01,-1.605089605261508012e+00
1.247916666666666607e+01,-1.605094863545097894e+00
1.250000000000000000e+01,-1.605099211266342696e+00
1.252083333333333215e+01,-1.605102997481585803e+00
1.254166666666666607e+01,-1.605105870315583383e+00
1.256250000000000000e+01,-1.605107879790663716e+00
1.258333333333333215e+01,-1.605109187469416998e+00
1.260416666666666607e+01,-1.605109212936934870e+00
1.262500000000000000e+01,-1.605105462130641536e+00
1.264583333333333215e+01,-1.605100599746970058e+00
1.266666666666666607e+01,-1.605095722214912923e+00
1.268750000000000000e+01,-1.605090386054252249e+00
1.270833333333333215e+01,-1.605085349209211643e+00
1.272916666666666607e+01,-1.605082034253196177e+00
1.275000000000000000e+01,-1.605080802780885607e+00
1.277083333333333215e+01,-1.605080263892882941e+00
1.279166666666666607e+01,-1.605079050730947143e+00
1.281250000000000000e+01,-1.605076158950758947e+00
1.283333333333333215e+01,-1.605073000678546746e+00
1.285416666666666607e+01,-1.605067679879461418e+00
1.287500000000000000e+01,-1.605059200347460191e+00
1.289583333333333215e+01,-1.605049520309117739e+00
1.291666666666666607e+01,-1.605041485728261330e+00
1.293750000000000000e+01,-1.605036776796396003e+00
1.295833333333333215e+01,-1.605032754550184571e+00
1.297916666666666607e+01,-1.605029730912971742e+00
1.300000000000000000e+01,-1.605026195736547701e+00
1.302083333333333215e+01,-1.605023376291787596e+00
1.304166666666666607e+01,-1.605020496493752891e+00
1.306250000000000000e+01,-1.605018237364045586e+00
1.308333333333333215e+01,-1.605016492365072267e+00
1.310416666666666607e+01,-1.605013601979375482e+00
1.312500000000000000e+01,-1.605011483769877900e+00
1.314583333333333215e+01,-1.605010618890141405e+00
1.316666666666666607e+01,-1.605010131068671297e+00
1.318750000000000000e+01,-1.605009765317573001e+00
1.320833333333333215e+01,-1.605009803379785494e+00
1.322916666666666607e+01,-1.605010300998779282e+00
1.325000000000000000e+01,-1.605010577555672002e+00
1.327083333333333215e+01,-1.605010446726278905e+00
1.329166666666666607e+01,-1.605010443372077100e+00
1.331250000000000000e+01,-1.605010556532047827e+00
1.333333333333333215e+01,-1.605010471257809046e+00
1.335416666666666607e+01,-1.605008098205243705e+00
1.337500000000000000e+01,-1.605004872535884974e+00
1.339583333333333215e+01,-1.605000411952753891e+00
1.341666666666666607e+01,-1.604996041194282075e+00
1.343750000000000000e+01,-1.604992938097133282e+00
1.345833333333333215e+01,-1.604989707395376053e+00
1.347916666666666607e+01,-1.604986203408560685e+00
1.350000000000000000e+01,-1.604980929465506856e+00
1.352083333333333215e+01,-1.604975059727466347e+00
1.354166666666666607e+01,-1.604967436359668653e+00
1.356250000000000000e+01,-1.604960213550332693e+00
1.358333333333333215e+01,-1.604950893881067042e+00
1.360416666666666607e+01,-1.604939806046944639e+00
1.362500000000000000e+01,-1.604930715566845745e+00
1.364583333333333215e+01,-1.604923874086336077e+00
1.366666666666666607e+01,-1.604918503178762279e+00
1.368750000000000000e+01,-1.604913777261164798e+00
1.370833333333333215e+01,-1.604907757943365709e+00
1.372916666666666607e+01,-1.604900257794895646e+00
1.375000000000000000e+01,-1.604894374524266309e+00
1.377083333333333215e+01,-1.604888867924693985e+00
1.379166666666666607e+01,-1.604883948273917449e+00
1.381250000000000000e+01,-1.604881471662392034e+00
1.383333333333333215e+01,-1.604880516013523550e+00
1.385416666666666607e+01,-1.604879651588244860e+00
1.387500000000000000e+01,-1.604873105166427560e+00
1.389583333333333215e+01,-1.604865049753126716e+00
1.391666666666666607e+01,-1.604857762376292296e+00
1.393750000000000000e+01,-1.604851519336880639e+00
1.395833333333333215e+01,-1.604844221570891571e+00
1.397916666666666607e+01,-1.604836896867197549e+00
1.400000000000000000e+01,-1.604830865569809584e+00
1.402083333333333215e+01,-1.604823389580261050e+00
1.404166666666666607e+01,-1.604814652541967535e+00
1.406250000000000000e+01,-1.604804647186792721e+00
1.408333333333333215e+01,-1.604791917770051368e+00
1.410416666666666607e+01,-1.604779244043553099e+00
1.412500000000000000e+01,-1.604767698182055780e+00
1.414583333333333215e+01,-1.604760032962150751e+00
1.416666666666666607e+01,-1.604755852106081848e+00
1.418750000000000000e+01,-1.604754171686475273e+00
1.420833333333333215e+01,-1.604754369480226206e+00
1.422916666666666607e+01,-1.604756253946464817e+00
1.425000000000000000e+01,-1.604756076898247175e+00
1.427083333333333215e+01,-1.604755635463831931e+00
1.429166666666666607e+01,-1.604756498836169998e+00
1.431250000000000000e+01,-1.604758380548374497e+00
1.433333333333333215e+01,-1.604757389409922519e+00
1.435416666666666607e+01,-1.604755695946271654e+00
1.437500000000000000e+01,-1.604753397406020632e+00
1.439583333333333215e+01,-1.604751963340068421e+00
1.441666666666666607e+01,-1.604752619065378916e+00
1.443750000000000000e+01,-1.604754571893737047e+00
1.445833333333333215e+01,-1.604756984181387125e+00
1.447916666666666607e+01,-1.604759417753616635e+00
1.450000000000000000e+01,-1.604758184811188482e+00
1.452083333333333215e+01,-1.604755823905488210e+00
1.454166666666666607e+01,-1.604752928173728499e+00
1.456250000000000000e+01,-1.604750511395539592e+00
1.458333333333333215e+01,-1.604746641857132117e+00
1.460416666666666607e+01,-1.604742821572795020e+00
1.462500000000000000e+01,-1.604741015636204970e+00
1.464583333333333215e+01,-1.604740181003963650e+00
1.466666666666666607e+01,-1.604739931902065431e+00
1.468750000000000000e+01,-1.604740165578972144e+00
1.470833333333333215e+01,-1.604740307064708826e+00
1.472916666666666607e+01,-1.604740061987405708e+00
1.475000000000000000e+01,-1.604739808073087248e+00
1.477083333333333215e+01,-1.604739458975712241e+00
1.479166666666666607e+01,-1.604734611194367666e+00
1.481250000000000000e+01,-1.604726299734836159e+00
1.483333333333333215e+01,-1.604719486482933943e+00
1.485416666666666607e+01,-1.604712646793033937e+00
1.487500000000000000e+01,-1.604706121286656906e+00
1.489583333333333215e+01,-1.604700040548411089e+00
1.491666666666666607e+01,-1.604695305042090459e+00
1.493750000000000000e+01,-1.604692360728088074e+00
1.495833333333333215e+01,-1.604690021592557025e+00
1.497916666666666607e+01,-1.604688442344837762e+00
1.500000000000000000e+01,-1.604687194050391286e+00
1.502083333333333215e+01,-1.604685202484723350e+00
1.504166666666666607e+01,-1.604678973221001614e+00
1.506250000000000000e+01,-1.604671661706212893e+00
1.508333333333333215e+01,-1.604662140295732398e+00
1.510416666666666607e+01,-1.604653320140861261e+00
1.512500000000000000e+01,-1.604646462806808671e+00
1.514583333333333215e+01,-1.604640870771954164e+00
1.516666666666666607e+01,-1.604637170155669645e+00
1.518750000000000000e+01,-1.604635177891209574e+00
1.520833333333333215e+01,-1.604634170454611430e+00
1.522916666666666607e+01,-1.604633476893267963e+00
1.525000000000000000e+01,-1.604632943339705076e+00
1.527083333333333215e+01,-1.603944209851866143e+00
1.529166666666666607e+01,-1.602385130660964219e+00
1.531250000000000000e+01,-1.600309238039250737e+00
1.533333333333333215e+01,-1.597960441846290713e+00
1.535416666666666607e+01,-1.595489089268681049e+00
1.537500000000000000e+01,-1.592995741258822040e+00
1.539583333333333215e+01,-1.590529303856993204e+00
1.541666666666666607e+01,-1.588086497587183565e+00
1.543750000000000000e+01,-1.585657748822270952e+00
1.545833333333333215e+01,-1.583229011587765189e+00
1.547916666666666607e+01,-1.580788241686449380e+00
1.550000000000000000e+01,-1.578322527212976389e+00
1.552083333333333215e+01,-1.575823387371301898e+00
1.554166666666666607e+01,-1.573281856019300928e+00
1.556250000000000000e+01,-1.570682153845605722e+00
1.558333333333333215e+01,-1.568015284764215700e+00
1.560416666666666607e+01,-1.565278922989367105e+00
1.562500000000000000e+01,-1.562472605579685148e+00
1.564583333333333215e+01,-1.559592540147271444e+00
1.566666666666666607e+01,-1.556638956753230385e+00
1.568750000000000000e+01,-1.553614331751582034e+00
1.570833333333333215e+01,-1.550511991560372449e+00
1.572916666666666607e+01,-1.547321881719079473e+00
1.575000000000000000e+01,-1.544037670599686773e+00
1.577083333333333215e+01,-1.540657654733388560e+00
1.579166666666666607e+01,-1.537175770628808724e+00
1.581250000000000000e+01,-1.533587845624372337e+00
1.583333333333333215e+01,-1.529896201591951499e+00
1.585416666666666607e+01,-1.526099140283949440e+00
1.587500000000000000e+01,-1.522197269750499515e+00
1.589583333333333215e+01,-1.518192030807596460e+00
1.591666666666666607e+01,-1.514090358830940009e+00
1.593750000000000000e+01,-1.509898269786083658e+00
1.595833333333333215e+01,-1.505624122963902911e+00
1.597916666666666607e+01,-1.501279759337829756e+00
1.600000000000000000e+01,-1.496872917701508987e+00
1.602083333333333215e+01,-1.492411610802951705e+00
1.604166666666666430e+01,-1.487902431182124285e+00
1.606250000000000000e+01,-1.483351740250226536e+00
1.608333333333333215e+01,-1.478761606824205321e+00
1.610416666666666430e+01,-1.474143847512486394e+00
1.612500000000000000e+01,-1.469508940271961217e+00
1.614583333333333215e+01,-1.464864201374602271e+00
1.616666666666666430e+01,-1.460212679748731812e+00
1.618750000000000000e+01,-1.455560178620829204e+00
1.620833333333333215e+01,-1.450914182409810183e+00
1.622916666666666430e+01,-1.446276789769411986e+00
1.625000000000000000e+01,-1.441647717444365595e+00
1.627083333333333215e+01,-1.437029329248836751e+00
1.629166666666666430e+01,-1.432425586443105914e+00
1.631250000000000000e+01,-1.427835814378294321e+00
1.633333333333333215e+01,-1.423260867684562392e+00
1.635416666666666430e+01,-1.418703713344632522e+00
1.637500000000000000e+01,-1.414165694371931181e+00
1.639583333333333215e+01,-1.409645533400505801e+00
1.641666666666666430e+01,-1.405141982907221143e+00
1.643750000000000000e+01,-1.400654204120468371e+00
1.645833333333333215e+01,-1.396181694375939308e+00
1.647916666666666430e+01,-1.391723238885272496e+00
1.650000000000000000e+01,-1.387278652877376395e+00
1.652083333333333215e+01,-1.382847867977189615e+00
1.654166666666666430e+01,-1.378428600470947618e+00
1.656250000000000000e+01,-1.374017599634473008e+00
1.658333333333333215e+01,-1.369614780488207284e+00
1.660416666666666430e+01,-1.365218554096821579e+00
1.662500000000000000e+01,-1.360824978989795264e+00
1.664583333333333215e+01,-1.356430526773166001e+00
1.666666666666666430e+01,-1.352032598603295943e+00
1.668750000000000000e+01,-1.347630342084160882e+00
1.670833333333333215e+01,-1.343221184008349001e+00
1.672916666666666430e+01,-1.338805113238158206e+00
1.675000000000000000e+01,-1.334381423075213124e+00
1.677083333333333215e+01,-1.329946544858621404e+00
1.679166666666666430e+01,-1.325497168923468694e+00
1.681250000000000000e+01,-1.321033102865791564e+00
1.683333333333333215e+01,-1.316556095061194531e+00
1.685416666666666430e+01,-1.312066453085765971e+00
1.687500000000000000e+01,-1.307564869645997829e+00
1.689583333333333215e+01,-1.303052271168588128e+00
1.691666666666666430e+01,-1.298528516755258932e+00
1.693750000000000000e+01,-1.293994271347959302e+00
1.695833333333333215e+01,-1.289450313984087160e+00
1.697916666666666430e+01,-1.284898608886438698e+00
1.700000000000000000e+01,-1.280341035822425200e+00
1.702083333333333215e+01,-1.275780089157738217e+00
1.704166666666666430e+01,-1.271219021041434472e+00
1.706250000000000000e+01,-1.266657600762686409e+00
1.708333333333333215e+01,-1.262097842911794610e+00
1.710416666666666430e+01,-1.257543772317970543e+00
1.712500000000000000e+01,-1.252998271919417705e+00
1.714583333333333215e+01,-1.248462396966783849e+00
1.716666666666666430e+01,-1.243936511249528420e+00
1.718750000000000000e+01,-1.239422877113308674e+00
1.720833333333333215e+01,-1.234923352020147691e+00
1.722916666666666430e+01,-1.230439015229815247e+00
1.725000000000000000e+01,-1.225970616159113513e+00
1.727083333333333215e+01,-1.221519563292828847e+00
1.729166666666666430e+01,-1.217086414244565207e+00
1.731250000000000000e+01,-1.212670168241700930e+00
1.733333333333333215e+01,-1.208271975567861478e+00
1.735416666666666430e+01,-1.203891683564545678e+00
1.737500000000000000e+01,-1.199529301688783800e+00
1.739583333333333215e+01,-1.195184343339746880e+00
1.741666666666666430e+01,-1.190854812938495488e+00
1.743750000000000000e+01,-1.186537903746581746e+00
1.745833333333333215e+01,-1.182230868724511330e+00
1.747916666666666430e+01,-1.177930115270769740e+00
1.750000000000000000e+01,-1.173633601278919913e+00
1.752083333333333215e+01,-1.169339019435465143e+00
1.754166666666666430e+01,-1.165046344971615966e+00
1.756250000000000000e+01,-1.160753984721839105e+00
1.758333333333333215e+01,-1.156461519087552903e+00
1.760416666666666430e+01,-1.152166723092612255e+00
1.762500000000000000e+01,-1.147865112168996893e+00
1.764583333333333215e+01,-1.143345245562850776e+00
1.766666666666666430e+01,-1.138471035029693379e+00
1.768750000000000000e+01,-1.133242406925645263e+00
1.770833333333333215e+01,-1.127651920074325131e+00
1.772916666666666430e+01,-1.121691702135012791e+00
1.775000000000000000e+01,-1.115359357607276669e+00
1.777083333333333215e+01,-1.108650330210514179e+00
1.779166666666666430e+01,-1.101558263098389556e+00
1.781250000000000000e+01,-1.094079379393726015e+00
1.783333333333333215e+01,-1.086257876775411413e+00
1.785416666666666430e+01,-1.078125333369847061e+00
1.787500000000000000e+01,-1.069674595404420447e+00
1.789583333333333215e+01,-1.060898692729992820e+00
1.791666666666666430e+01,-1.051797216201006080e+00
1.793750000000000000e+01,-1.042368386011382153e+00
1.795833333333333215e+01,-1.032609270347359942e+00
1.797916666666666430e+01,-1.022518398231486492e+00
1.800000000000000000e+01,-1.012147454541901359e+00
1.802083333333333215e+01,-1.001532091190631579e+00
1.804166666666666430e+01,-9.906660352582248308e-01
1.806250000000000000e+01,-9.795455707983038440e-01
1.808333333333333215e+01,-9.681763718036422439e-01
1.810416666666666430e+01,-9.565639137407380144e-01
1.812500000000000000e+01,-9.447060284462827084e-01
1.814583333333333215e+01,-9.325998195540496916e-01
1.816666666666666430e+01,-9.202941991318429604e-01
1.818750000000000000e+01,-9.078242723089096078e-01
1.820833333333333215e+01,-8.951882087020559542e-01
1.822916666666666430e+01,-8.823825835846170751e-01
1.825000000000000000e+01,-8.694126977967657766e-01
1.827083333333333215e+01,-8.562823931991820903e-01
1.829166666666666430e+01,-8.429866859323442707e-01
1.831250000000000000e+01,-8.295213207835661073e-01
1.833333333333333215e+01,-8.159270116235748382e-01
1.835416666666666430e+01,-8.022439932680602848e-01
1.837500000000000000e+01,-7.884932046023673813e-01
1.839583333333333215e+01,-7.746896984186866231e-01
1.841666666666666430e+01,-7.608367678576495319e-01
1.843750000000000000e+01,-7.469392815916451323e-01
1.845833333333333215e+01,-7.330025574921217313e-01
1.847916666666666430e+01,-7.190277644265263834e-01
1.850000000000000000e+01,-7.050468020580860085e-01
1.852083333333333215e+01,-6.942539916912713327e-01
1.854166666666666430e+01,-6.887559338759954297e-01
1.856250000000000000e+01,-6.884115554635295009e-01
1.858333333333333215e+01,-6.925285992682084224e-01
1.860416666666666430e+01,-6.998638422331591169e-01
1.862500000000000000e+01,-7.093494480521753687e-01
1.864583333333333215e+01,-7.203115459507927199e-01
1.866666666666666430e+01,-7.322982201729237861e-01
1.868750000000000000e+01,-7.441668114576649451e-01
1.870833333333333215e+01,-7.552251509526941575e-01
1.872916666666666430e+01,-7.654185112493816501e-01
1.875000000000000000e+01,-7.747043673024647248e-01
1.877083333333333215e+01,-7.830681286580705169e-01
1.879166666666666430e+01,-7.905180157141811215e-01
1.881250000000000000e+01,-7.970785149230246169e-01
1.883333333333333215e+01,-8.028454738276755709e-01
1.885416666666666430e+01,-8.079149901819482338e-01
1.887500000000000000e+01,-8.123577780524353642e-01
1.889583333333333215e+01,-8.162365092190091431e-01
1.891666666666666430e+01,-8.196090870155814390e-01
1.893750000000000000e+01,-8.225099940209341653e-01
1.895833333333333215e+01,-8.249611311126303637e-01
1.897916666666666430e+01,-8.269731301350560226e-01
1.900000000000000000e+01,-8.285860270271305783e-01
1.902083333333333215e+01,-8.298338260393409715e-01
1.904166666666666430e+01,-8.307195290849838099e-01
1.906250000000000000e+01,-8.312395458761545619e-01
1.908333333333333215e+01,-8.313907390214287929e-01
1.910416666666666430e+01,-8.311692516225994698e-01
1.912500000000000000e+01,-8.305718723647381729e-01
1.914583333333333215e+01,-8.295938447299047169e-01
1.916666666666666430e+01,-8.282644533806473586e-01
1.918750000000000000e+01,-8.266002034620578698e-01
1.920833333333333215e+01,-8.245951590235103268e-01
1.922916666666666430e+01,-8.222463429363562337e-01
1.925000000000000000e+01,-8.195543936486999748e-01
1.927083333333333215e+01,-8.165213377144506790e-01
1.929166666666666430e+01,-8.131430941276274194e-01
1.931250000000000000e+01,-8.094154433910631941e-01
1.933333333333333215e+01,-8.053756937233842450e-01
1.935416666666666430e+01,-8.010521097947489455e-01
1.937500000000000000e+01,-7.964435027396414846e-01
1.939583333333333215e+01,-7.915462876369869782e-01
1.941666666666666430e+01,-7.863646759684885801e-01
1.943750000000000000e+01,-7.809012731978366428e-01
1.945833333333333215e+01,-7.751484290056316340e-01
1.947916666666666430e+01,-7.691007546994457211e-01
1.950000000000000000e+01,-7.627969981072444394e-01
1.952083333333333215e+01,-7.562713209562132999e-01
1.954166666666666430e+01,-7.495404870509363437e-01
1.956250000000000000e+01,-7.426187629037155347e-01
1.958333333333333215e+01,-7.355110633076467064e-01
1.960416666666666430e+01,-7.282202879217938296e-01
1.962500000000000000e+01,-7.207490345636264895e-01
1.964583333333333215e+01,-7.131012591737952988e-01
1.966666666666666430e+01,-7.053123419699420804e-01
1.968750000000000000e+01,-6.974059015593023769e-01
1.970833333333333215e+01,-6.893831689335632174e-01
1.972916666666666430e+01,-6.812420820637397068e-01
1.975000000000000000e+01,-6.729797187088395471e-01
1.977083333333333215e+01,-6.678302444983206243e-01
1.979166666666666430e+01,-6.646585873916672771e-01
1.981250000000000000e+01,-6.612702595569810438e-01
1.983333333333333215e+01,-6.576705819470549663e-01
1.985416666666666430e+01,-6.538596574618336099e-01
1.987500000000000000e+01,-6.498320939930459783e-01
1.989583333333333215e+01,-6.455849308718581980e-01
1.991666666666666430e+01,-6.411152351450799536e-01
1.993750000000000000e+01,-6.364186051531797172e-01
1.995833333333333215e+01,-6.314911816170494241e-01
1.997916666666666430e+01,-6.263327053653908738e-01
